sequence,sos_core_id,plate_number,column,row,morphotype,Kingdom,Phylum,Class,Order,Family,Genus,Species,sequence_list_name
ACAGAGTGCAAAACTCCCTAAACCATTGTGAACGTTACCTACACCGTTGCTTCGCYCACCRRCCCACTGTGWWMMYMCCYACGYKGCTTYGGCGGCCACCKYCGGCSCCCGCCGGAGYCAACAMACTCTTGTKTTKTTGCATCTCTGAGTAKMKTATARAATAAKNNNAAAACTTTCAACAACGRATCTCTTGKYTCTGCATCGATGAAGAACGCAGCGAAATGCGAWAAGTAATGTGAATTGCAGAATTCAGTGAATCATCGAATCTTTGAACGCACATTGCGCCCGCTAGWATTCTGKCGGRCATGCCTGTYCGAGCGTCATTTCAACCMTYMAGSCCCYSSTTCYKGKGGTGRCCCTGYKGGCGRTCGCAGCSTCCCNAAAATSAKNGGCGCTTTTGMRAAWCACSCCCGGAGCGCAGTMGWTSAC,SOS-013,1,1,a,A,k__Fungi,p__Ascomycota,c__Sordariomycetes,o__Sordariales,f__Chaetomiaceae,g__Chaetomium,NA,sos_assembly1 Contig 1
ACAGAGTGCAAAACTCCCTAAACCATTGTGAACGTTACCTACACCGTTGCTTCGCYCACCRRCCCACTGTGWWMMYMCCYACGYKGCTTYGGCGGCCACCKYCGGCSCCCGCCGGAGYCAACAMACTCTTGTKTTKTTGCATCTCTGAGTAKMKTATARAATAAKNNNAAAACTTTCAACAACGRATCTCTTGKYTCTGCATCGATGAAGAACGCAGCGAAATGCGAWAAGTAATGTGAATTGCAGAATTCAGTGAATCATCGAATCTTTGAACGCACATTGCGCCCGCTAGWATTCTGKCGGRCATGCCTGTYCGAGCGTCATTTCAACCMTYMAGSCCCYSSTTCYKGKGGTGRCCCTGYKGGCGRTCGCAGCSTCCCNAAAATSAKNGGCGCTTTTGMRAAWCACSCCCGGAGCGCAGTMGWTSAC,SOS-038,4,1,a,A,k__Fungi,p__Ascomycota,c__Sordariomycetes,o__Sordariales,f__Chaetomiaceae,g__Chaetomium,NA,sos_assembly1 Contig 1
ACAGAGTGCAAAACTCCCTAAACCATTGTGAACGTTACCTACACCGTTGCTTCGCYCACCRRCCCACTGTGWWMMYMCCYACGYKGCTTYGGCGGCCACCKYCGGCSCCCGCCGGAGYCAACAMACTCTTGTKTTKTTGCATCTCTGAGTAKMKTATARAATAAKNNNAAAACTTTCAACAACGRATCTCTTGKYTCTGCATCGATGAAGAACGCAGCGAAATGCGAWAAGTAATGTGAATTGCAGAATTCAGTGAATCATCGAATCTTTGAACGCACATTGCGCCCGCTAGWATTCTGKCGGRCATGCCTGTYCGAGCGTCATTTCAACCMTYMAGSCCCYSSTTCYKGKGGTGRCCCTGYKGGCGRTCGCAGCSTCCCNAAAATSAKNGGCGCTTTTGMRAAWCACSCCCGGAGCGCAGTMGWTSAC,SOS-024,4,8,d,J,k__Fungi,p__Ascomycota,c__Sordariomycetes,o__Sordariales,f__Chaetomiaceae,g__Chaetomium,NA,sos_assembly1 Contig 1
ACAGAGTGCAAAACTCCCTAAACCATTGTGAACGTTACCTACACCGTTGCTTCGCYCACCRRCCCACTGTGWWMMYMCCYACGYKGCTTYGGCGGCCACCKYCGGCSCCCGCCGGAGYCAACAMACTCTTGTKTTKTTGCATCTCTGAGTAKMKTATARAATAAKNNNAAAACTTTCAACAACGRATCTCTTGKYTCTGCATCGATGAAGAACGCAGCGAAATGCGAWAAGTAATGTGAATTGCAGAATTCAGTGAATCATCGAATCTTTGAACGCACATTGCGCCCGCTAGWATTCTGKCGGRCATGCCTGTYCGAGCGTCATTTCAACCMTYMAGSCCCYSSTTCYKGKGGTGRCCCTGYKGGCGRTCGCAGCSTCCCNAAAATSAKNGGCGCTTTTGMRAAWCACSCCCGGAGCGCAGTMGWTSAC,SOS-003,4,5,b,C,k__Fungi,p__Ascomycota,c__Sordariomycetes,o__Sordariales,f__Chaetomiaceae,g__Chaetomium,NA,sos_assembly1 Contig 1
ACAGAGTGCAAAACTCCCTAAACCATTGTGAACGTTACCTACACCGTTGCTTCGCYCACCRRCCCACTGTGWWMMYMCCYACGYKGCTTYGGCGGCCACCKYCGGCSCCCGCCGGAGYCAACAMACTCTTGTKTTKTTGCATCTCTGAGTAKMKTATARAATAAKNNNAAAACTTTCAACAACGRATCTCTTGKYTCTGCATCGATGAAGAACGCAGCGAAATGCGAWAAGTAATGTGAATTGCAGAATTCAGTGAATCATCGAATCTTTGAACGCACATTGCGCCCGCTAGWATTCTGKCGGRCATGCCTGTYCGAGCGTCATTTCAACCMTYMAGSCCCYSSTTCYKGKGGTGRCCCTGYKGGCGRTCGCAGCSTCCCNAAAATSAKNGGCGCTTTTGMRAAWCACSCCCGGAGCGCAGTMGWTSAC,SOS-009,1,6,b,A,k__Fungi,p__Ascomycota,c__Sordariomycetes,o__Sordariales,f__Chaetomiaceae,g__Chaetomium,NA,sos_assembly1 Contig 1
ACAGAGTGCAAAACTCCCTAAACCATTGTGAACGTTACCTACACCGTTGCTTCGCYCACCRRCCCACTGTGWWMMYMCCYACGYKGCTTYGGCGGCCACCKYCGGCSCCCGCCGGAGYCAACAMACTCTTGTKTTKTTGCATCTCTGAGTAKMKTATARAATAAKNNNAAAACTTTCAACAACGRATCTCTTGKYTCTGCATCGATGAAGAACGCAGCGAAATGCGAWAAGTAATGTGAATTGCAGAATTCAGTGAATCATCGAATCTTTGAACGCACATTGCGCCCGCTAGWATTCTGKCGGRCATGCCTGTYCGAGCGTCATTTCAACCMTYMAGSCCCYSSTTCYKGKGGTGRCCCTGYKGGCGRTCGCAGCSTCCCNAAAATSAKNGGCGCTTTTGMRAAWCACSCCCGGAGCGCAGTMGWTSAC,SOS-020,3,11,g,A,k__Fungi,p__Ascomycota,c__Sordariomycetes,o__Sordariales,f__Chaetomiaceae,g__Chaetomium,NA,sos_assembly1 Contig 1
ACAGAGTGCAAAACTCCCTAAACCATTGTGAACGTTACCTACACCGTTGCTTCGCYCACCRRCCCACTGTGWWMMYMCCYACGYKGCTTYGGCGGCCACCKYCGGCSCCCGCCGGAGYCAACAMACTCTTGTKTTKTTGCATCTCTGAGTAKMKTATARAATAAKNNNAAAACTTTCAACAACGRATCTCTTGKYTCTGCATCGATGAAGAACGCAGCGAAATGCGAWAAGTAATGTGAATTGCAGAATTCAGTGAATCATCGAATCTTTGAACGCACATTGCGCCCGCTAGWATTCTGKCGGRCATGCCTGTYCGAGCGTCATTTCAACCMTYMAGSCCCYSSTTCYKGKGGTGRCCCTGYKGGCGRTCGCAGCSTCCCNAAAATSAKNGGCGCTTTTGMRAAWCACSCCCGGAGCGCAGTMGWTSAC,SOS-024,4,8,b,J,k__Fungi,p__Ascomycota,c__Sordariomycetes,o__Sordariales,f__Chaetomiaceae,g__Chaetomium,NA,sos_assembly1 Contig 1
ACAGAGTGCAAAACTCCCTAAACCATTGTGAACGTTACCTACACCGTTGCTTCGCYCACCRRCCCACTGTGWWMMYMCCYACGYKGCTTYGGCGGCCACCKYCGGCSCCCGCCGGAGYCAACAMACTCTTGTKTTKTTGCATCTCTGAGTAKMKTATARAATAAKNNNAAAACTTTCAACAACGRATCTCTTGKYTCTGCATCGATGAAGAACGCAGCGAAATGCGAWAAGTAATGTGAATTGCAGAATTCAGTGAATCATCGAATCTTTGAACGCACATTGCGCCCGCTAGWATTCTGKCGGRCATGCCTGTYCGAGCGTCATTTCAACCMTYMAGSCCCYSSTTCYKGKGGTGRCCCTGYKGGCGRTCGCAGCSTCCCNAAAATSAKNGGCGCTTTTGMRAAWCACSCCCGGAGCGCAGTMGWTSAC,SOS-024,4,8,c,J,k__Fungi,p__Ascomycota,c__Sordariomycetes,o__Sordariales,f__Chaetomiaceae,g__Chaetomium,NA,sos_assembly1 Contig 1
ACAGAGTGCAAAACTCCCTAAACCATTGTGAACGTTACCTACACCGTTGCTTCGCYCACCRRCCCACTGTGWWMMYMCCYACGYKGCTTYGGCGGCCACCKYCGGCSCCCGCCGGAGYCAACAMACTCTTGTKTTKTTGCATCTCTGAGTAKMKTATARAATAAKNNNAAAACTTTCAACAACGRATCTCTTGKYTCTGCATCGATGAAGAACGCAGCGAAATGCGAWAAGTAATGTGAATTGCAGAATTCAGTGAATCATCGAATCTTTGAACGCACATTGCGCCCGCTAGWATTCTGKCGGRCATGCCTGTYCGAGCGTCATTTCAACCMTYMAGSCCCYSSTTCYKGKGGTGRCCCTGYKGGCGRTCGCAGCSTCCCNAAAATSAKNGGCGCTTTTGMRAAWCACSCCCGGAGCGCAGTMGWTSAC,SOS-051,3,8,g,C,k__Fungi,p__Ascomycota,c__Sordariomycetes,o__Sordariales,f__Chaetomiaceae,g__Chaetomium,NA,sos_assembly1 Contig 1
ACAGAGTGCAAAACTCCCTAAACCATTGTGAACGTTACCTACACCGTTGCTTCGCYCACCRRCCCACTGTGWWMMYMCCYACGYKGCTTYGGCGGCCACCKYCGGCSCCCGCCGGAGYCAACAMACTCTTGTKTTKTTGCATCTCTGAGTAKMKTATARAATAAKNNNAAAACTTTCAACAACGRATCTCTTGKYTCTGCATCGATGAAGAACGCAGCGAAATGCGAWAAGTAATGTGAATTGCAGAATTCAGTGAATCATCGAATCTTTGAACGCACATTGCGCCCGCTAGWATTCTGKCGGRCATGCCTGTYCGAGCGTCATTTCAACCMTYMAGSCCCYSSTTCYKGKGGTGRCCCTGYKGGCGRTCGCAGCSTCCCNAAAATSAKNGGCGCTTTTGMRAAWCACSCCCGGAGCGCAGTMGWTSAC,SOS-038,4,2,h,C,k__Fungi,p__Ascomycota,c__Sordariomycetes,o__Sordariales,f__Chaetomiaceae,g__Chaetomium,NA,sos_assembly1 Contig 1
ACAGAGTGCAAAACTCCCTAAACCATTGTGAACGTTACCTACACCGTTGCTTCGCYCACCRRCCCACTGTGWWMMYMCCYACGYKGCTTYGGCGGCCACCKYCGGCSCCCGCCGGAGYCAACAMACTCTTGTKTTKTTGCATCTCTGAGTAKMKTATARAATAAKNNNAAAACTTTCAACAACGRATCTCTTGKYTCTGCATCGATGAAGAACGCAGCGAAATGCGAWAAGTAATGTGAATTGCAGAATTCAGTGAATCATCGAATCTTTGAACGCACATTGCGCCCGCTAGWATTCTGKCGGRCATGCCTGTYCGAGCGTCATTTCAACCMTYMAGSCCCYSSTTCYKGKGGTGRCCCTGYKGGCGRTCGCAGCSTCCCNAAAATSAKNGGCGCTTTTGMRAAWCACSCCCGGAGCGCAGTMGWTSAC,SOS-044,3,5,g,D,k__Fungi,p__Ascomycota,c__Sordariomycetes,o__Sordariales,f__Chaetomiaceae,g__Chaetomium,NA,sos_assembly1 Contig 1
ACAGAGTGCAAAACTCCCTAAACCATTGTGAACGTTACCTACACCGTTGCTTCGCYCACCRRCCCACTGTGWWMMYMCCYACGYKGCTTYGGCGGCCACCKYCGGCSCCCGCCGGAGYCAACAMACTCTTGTKTTKTTGCATCTCTGAGTAKMKTATARAATAAKNNNAAAACTTTCAACAACGRATCTCTTGKYTCTGCATCGATGAAGAACGCAGCGAAATGCGAWAAGTAATGTGAATTGCAGAATTCAGTGAATCATCGAATCTTTGAACGCACATTGCGCCCGCTAGWATTCTGKCGGRCATGCCTGTYCGAGCGTCATTTCAACCMTYMAGSCCCYSSTTCYKGKGGTGRCCCTGYKGGCGRTCGCAGCSTCCCNAAAATSAKNGGCGCTTTTGMRAAWCACSCCCGGAGCGCAGTMGWTSAC,SOS-033,3,7,e,A,k__Fungi,p__Ascomycota,c__Sordariomycetes,o__Sordariales,f__Chaetomiaceae,g__Chaetomium,NA,sos_assembly1 Contig 1
ACAGAGTGCAAAACTCCCTAAACCATTGTGAACGTTACCTACACCGTTGCTTCGCYCACCRRCCCACTGTGWWMMYMCCYACGYKGCTTYGGCGGCCACCKYCGGCSCCCGCCGGAGYCAACAMACTCTTGTKTTKTTGCATCTCTGAGTAKMKTATARAATAAKNNNAAAACTTTCAACAACGRATCTCTTGKYTCTGCATCGATGAAGAACGCAGCGAAATGCGAWAAGTAATGTGAATTGCAGAATTCAGTGAATCATCGAATCTTTGAACGCACATTGCGCCCGCTAGWATTCTGKCGGRCATGCCTGTYCGAGCGTCATTTCAACCMTYMAGSCCCYSSTTCYKGKGGTGRCCCTGYKGGCGRTCGCAGCSTCCCNAAAATSAKNGGCGCTTTTGMRAAWCACSCCCGGAGCGCAGTMGWTSAC,SOS-020,3,11,h,A,k__Fungi,p__Ascomycota,c__Sordariomycetes,o__Sordariales,f__Chaetomiaceae,g__Chaetomium,NA,sos_assembly1 Contig 1
ACAGAGTGCAAAACTCCCTAAACCATTGTGAACGTTACCTACACCGTTGCTTCGCYCACCRRCCCACTGTGWWMMYMCCYACGYKGCTTYGGCGGCCACCKYCGGCSCCCGCCGGAGYCAACAMACTCTTGTKTTKTTGCATCTCTGAGTAKMKTATARAATAAKNNNAAAACTTTCAACAACGRATCTCTTGKYTCTGCATCGATGAAGAACGCAGCGAAATGCGAWAAGTAATGTGAATTGCAGAATTCAGTGAATCATCGAATCTTTGAACGCACATTGCGCCCGCTAGWATTCTGKCGGRCATGCCTGTYCGAGCGTCATTTCAACCMTYMAGSCCCYSSTTCYKGKGGTGRCCCTGYKGGCGRTCGCAGCSTCCCNAAAATSAKNGGCGCTTTTGMRAAWCACSCCCGGAGCGCAGTMGWTSAC,SOS-036,4,4,d,A,k__Fungi,p__Ascomycota,c__Sordariomycetes,o__Sordariales,f__Chaetomiaceae,g__Chaetomium,NA,sos_assembly1 Contig 1
ACAGAGTGCAAAACTCCCTAAACCATTGTGAACGTTACCTACACCGTTGCTTCGCYCACCRRCCCACTGTGWWMMYMCCYACGYKGCTTYGGCGGCCACCKYCGGCSCCCGCCGGAGYCAACAMACTCTTGTKTTKTTGCATCTCTGAGTAKMKTATARAATAAKNNNAAAACTTTCAACAACGRATCTCTTGKYTCTGCATCGATGAAGAACGCAGCGAAATGCGAWAAGTAATGTGAATTGCAGAATTCAGTGAATCATCGAATCTTTGAACGCACATTGCGCCCGCTAGWATTCTGKCGGRCATGCCTGTYCGAGCGTCATTTCAACCMTYMAGSCCCYSSTTCYKGKGGTGRCCCTGYKGGCGRTCGCAGCSTCCCNAAAATSAKNGGCGCTTTTGMRAAWCACSCCCGGAGCGCAGTMGWTSAC,SOS-001,3,7,a,A,k__Fungi,p__Ascomycota,c__Sordariomycetes,o__Sordariales,f__Chaetomiaceae,g__Chaetomium,NA,sos_assembly1 Contig 1
ACAGAGTGCAAAACTCCCTAAACCATTGTGAACGTTACCTACACCGTTGCTTCGCYCACCRRCCCACTGTGWWMMYMCCYACGYKGCTTYGGCGGCCACCKYCGGCSCCCGCCGGAGYCAACAMACTCTTGTKTTKTTGCATCTCTGAGTAKMKTATARAATAAKNNNAAAACTTTCAACAACGRATCTCTTGKYTCTGCATCGATGAAGAACGCAGCGAAATGCGAWAAGTAATGTGAATTGCAGAATTCAGTGAATCATCGAATCTTTGAACGCACATTGCGCCCGCTAGWATTCTGKCGGRCATGCCTGTYCGAGCGTCATTTCAACCMTYMAGSCCCYSSTTCYKGKGGTGRCCCTGYKGGCGRTCGCAGCSTCCCNAAAATSAKNGGCGCTTTTGMRAAWCACSCCCGGAGCGCAGTMGWTSAC,SOS-034,4,3,e,F,k__Fungi,p__Ascomycota,c__Sordariomycetes,o__Sordariales,f__Chaetomiaceae,g__Chaetomium,NA,sos_assembly1 Contig 1
ACAGAGTGCAAAACTCCCTAAACCATTGTGAACGTTACCTACACCGTTGCTTCGCYCACCRRCCCACTGTGWWMMYMCCYACGYKGCTTYGGCGGCCACCKYCGGCSCCCGCCGGAGYCAACAMACTCTTGTKTTKTTGCATCTCTGAGTAKMKTATARAATAAKNNNAAAACTTTCAACAACGRATCTCTTGKYTCTGCATCGATGAAGAACGCAGCGAAATGCGAWAAGTAATGTGAATTGCAGAATTCAGTGAATCATCGAATCTTTGAACGCACATTGCGCCCGCTAGWATTCTGKCGGRCATGCCTGTYCGAGCGTCATTTCAACCMTYMAGSCCCYSSTTCYKGKGGTGRCCCTGYKGGCGRTCGCAGCSTCCCNAAAATSAKNGGCGCTTTTGMRAAWCACSCCCGGAGCGCAGTMGWTSAC,SOS-020,3,11,f,A,k__Fungi,p__Ascomycota,c__Sordariomycetes,o__Sordariales,f__Chaetomiaceae,g__Chaetomium,NA,sos_assembly1 Contig 1
ACAGAGTGCAAAACTCCCTAAACCATTGTGAACGTTACCTACACCGTTGCTTCGCYCACCRRCCCACTGTGWWMMYMCCYACGYKGCTTYGGCGGCCACCKYCGGCSCCCGCCGGAGYCAACAMACTCTTGTKTTKTTGCATCTCTGAGTAKMKTATARAATAAKNNNAAAACTTTCAACAACGRATCTCTTGKYTCTGCATCGATGAAGAACGCAGCGAAATGCGAWAAGTAATGTGAATTGCAGAATTCAGTGAATCATCGAATCTTTGAACGCACATTGCGCCCGCTAGWATTCTGKCGGRCATGCCTGTYCGAGCGTCATTTCAACCMTYMAGSCCCYSSTTCYKGKGGTGRCCCTGYKGGCGRTCGCAGCSTCCCNAAAATSAKNGGCGCTTTTGMRAAWCACSCCCGGAGCGCAGTMGWTSAC,SOS-048,4,6,b,H,k__Fungi,p__Ascomycota,c__Sordariomycetes,o__Sordariales,f__Chaetomiaceae,g__Chaetomium,NA,sos_assembly1 Contig 1
ACAGAGTGCAAAACTCCCTAAACCATTGTGAACGTTACCTACACCGTTGCTTCGCYCACCRRCCCACTGTGWWMMYMCCYACGYKGCTTYGGCGGCCACCKYCGGCSCCCGCCGGAGYCAACAMACTCTTGTKTTKTTGCATCTCTGAGTAKMKTATARAATAAKNNNAAAACTTTCAACAACGRATCTCTTGKYTCTGCATCGATGAAGAACGCAGCGAAATGCGAWAAGTAATGTGAATTGCAGAATTCAGTGAATCATCGAATCTTTGAACGCACATTGCGCCCGCTAGWATTCTGKCGGRCATGCCTGTYCGAGCGTCATTTCAACCMTYMAGSCCCYSSTTCYKGKGGTGRCCCTGYKGGCGRTCGCAGCSTCCCNAAAATSAKNGGCGCTTTTGMRAAWCACSCCCGGAGCGCAGTMGWTSAC,SOS-003,4,5,c,C,k__Fungi,p__Ascomycota,c__Sordariomycetes,o__Sordariales,f__Chaetomiaceae,g__Chaetomium,NA,sos_assembly1 Contig 1
ACAGAGTGCAAAACTCCCTAAACCATTGTGAACGTTACCTACACCGTTGCTTCGCYCACCRRCCCACTGTGWWMMYMCCYACGYKGCTTYGGCGGCCACCKYCGGCSCCCGCCGGAGYCAACAMACTCTTGTKTTKTTGCATCTCTGAGTAKMKTATARAATAAKNNNAAAACTTTCAACAACGRATCTCTTGKYTCTGCATCGATGAAGAACGCAGCGAAATGCGAWAAGTAATGTGAATTGCAGAATTCAGTGAATCATCGAATCTTTGAACGCACATTGCGCCCGCTAGWATTCTGKCGGRCATGCCTGTYCGAGCGTCATTTCAACCMTYMAGSCCCYSSTTCYKGKGGTGRCCCTGYKGGCGRTCGCAGCSTCCCNAAAATSAKNGGCGCTTTTGMRAAWCACSCCCGGAGCGCAGTMGWTSAC,SOS-038,4,1,b,F,k__Fungi,p__Ascomycota,c__Sordariomycetes,o__Sordariales,f__Chaetomiaceae,g__Chaetomium,NA,sos_assembly1 Contig 1
ACAGAGTGCAAAACTCCCTAAACCATTGTGAACGTTACCTACACCGTTGCTTCGCYCACCRRCCCACTGTGWWMMYMCCYACGYKGCTTYGGCGGCCACCKYCGGCSCCCGCCGGAGYCAACAMACTCTTGTKTTKTTGCATCTCTGAGTAKMKTATARAATAAKNNNAAAACTTTCAACAACGRATCTCTTGKYTCTGCATCGATGAAGAACGCAGCGAAATGCGAWAAGTAATGTGAATTGCAGAATTCAGTGAATCATCGAATCTTTGAACGCACATTGCGCCCGCTAGWATTCTGKCGGRCATGCCTGTYCGAGCGTCATTTCAACCMTYMAGSCCCYSSTTCYKGKGGTGRCCCTGYKGGCGRTCGCAGCSTCCCNAAAATSAKNGGCGCTTTTGMRAAWCACSCCCGGAGCGCAGTMGWTSAC,SOS-038,4,1,f,F,k__Fungi,p__Ascomycota,c__Sordariomycetes,o__Sordariales,f__Chaetomiaceae,g__Chaetomium,NA,sos_assembly1 Contig 1
CACATATATGGGACACTAATGTGGTCCCTTGACTAAAACCCTCTCCGCGTACCAATCTATGTTGCTTTCCTAGGTGGTTGGTTTCAGCTGCCGTCCAACATTGCCTGCTAGCTCAGTCAATCCGAGTTGTTAACTTGGAGTTTGATCTTTTTTTACTGATGGGTTAAGCTTTAATGGGTCAGCGAGCTTAATTTATATCTATCAGGATCAGCTATGTAGGCCCCTGGKAAAGGTCCATCGCAAGTGARTATTTCAATCAGCTGTCTGAGTCGGCCTAGTGCCTTATTCTTTRAACAAGTTAAAACTTTCAACAACGGATCTCTTGGCTCTCGCATCGATGAAGAACGCAGCGAAATGCGATAAGTAATGTGAATTGCAGAATTCAGTGAATCATCGAATCTTTGAACGCACATTGCGCCCCTTGGTATTCCTTGGGGCATGCCTGTTCGAGCGTCACTACAAACCCGCTCATAAATGTTATGGTATTGATGGAAGTGAACTGTTGCAACTAAAGTGTGTGRATCACCCCATCGAAATACATAGGCAGGACAACRAACCTCTGTAGCTGACTTAGTAACTGTTTTCAAGACACAAACCAGTCACTTGCTAGGTTCTAGCCTGGCTCCTTAGACCTCCATTCAAGATAA,SOS-004,2,2,g,C,k__Fungi,p__Ascomycota,c__Pezizomycetes,o__Pezizales,f__Tuberaceae,g__Tuber,s__candidum,sos_assembly1 Contig 2
CACATATATGGGACACTAATGTGGTCCCTTGACTAAAACCCTCTCCGCGTACCAATCTATGTTGCTTTCCTAGGTGGTTGGTTTCAGCTGCCGTCCAACATTGCCTGCTAGCTCAGTCAATCCGAGTTGTTAACTTGGAGTTTGATCTTTTTTTACTGATGGGTTAAGCTTTAATGGGTCAGCGAGCTTAATTTATATCTATCAGGATCAGCTATGTAGGCCCCTGGKAAAGGTCCATCGCAAGTGARTATTTCAATCAGCTGTCTGAGTCGGCCTAGTGCCTTATTCTTTRAACAAGTTAAAACTTTCAACAACGGATCTCTTGGCTCTCGCATCGATGAAGAACGCAGCGAAATGCGATAAGTAATGTGAATTGCAGAATTCAGTGAATCATCGAATCTTTGAACGCACATTGCGCCCCTTGGTATTCCTTGGGGCATGCCTGTTCGAGCGTCACTACAAACCCGCTCATAAATGTTATGGTATTGATGGAAGTGAACTGTTGCAACTAAAGTGTGTGRATCACCCCATCGAAATACATAGGCAGGACAACRAACCTCTGTAGCTGACTTAGTAACTGTTTTCAAGACACAAACCAGTCACTTGCTAGGTTCTAGCCTGGCTCCTTAGACCTCCATTCAAGATAA,SOS-004,2,2,h,C,k__Fungi,p__Ascomycota,c__Pezizomycetes,o__Pezizales,f__Tuberaceae,g__Tuber,s__candidum,sos_assembly1 Contig 2
CACATATATGGGACACTAATGTGGTCCCTTGACTAAAACCCTCTCCGCGTACCAATCTATGTTGCTTTCCTAGGTGGTTGGTTTCAGCTGCCGTCCAACATTGCCTGCTAGCTCAGTCAATCCGAGTTGTTAACTTGGAGTTTGATCTTTTTTTACTGATGGGTTAAGCTTTAATGGGTCAGCGAGCTTAATTTATATCTATCAGGATCAGCTATGTAGGCCCCTGGKAAAGGTCCATCGCAAGTGARTATTTCAATCAGCTGTCTGAGTCGGCCTAGTGCCTTATTCTTTRAACAAGTTAAAACTTTCAACAACGGATCTCTTGGCTCTCGCATCGATGAAGAACGCAGCGAAATGCGATAAGTAATGTGAATTGCAGAATTCAGTGAATCATCGAATCTTTGAACGCACATTGCGCCCCTTGGTATTCCTTGGGGCATGCCTGTTCGAGCGTCACTACAAACCCGCTCATAAATGTTATGGTATTGATGGAAGTGAACTGTTGCAACTAAAGTGTGTGRATCACCCCATCGAAATACATAGGCAGGACAACRAACCTCTGTAGCTGACTTAGTAACTGTTTTCAAGACACAAACCAGTCACTTGCTAGGTTCTAGCCTGGCTCCTTAGACCTCCATTCAAGATAA,SOS-020,3,11,a,C,k__Fungi,p__Ascomycota,c__Pezizomycetes,o__Pezizales,f__Tuberaceae,g__Tuber,s__candidum,sos_assembly1 Contig 2
CACATATATGGGACACTAATGTGGTCCCTTGACTAAAACCCTCTCCGCGTACCAATCTATGTTGCTTTCCTAGGTGGTTGGTTTCAGCTGCCGTCCAACATTGCCTGCTAGCTCAGTCAATCCGAGTTGTTAACTTGGAGTTTGATCTTTTTTTACTGATGGGTTAAGCTTTAATGGGTCAGCGAGCTTAATTTATATCTATCAGGATCAGCTATGTAGGCCCCTGGKAAAGGTCCATCGCAAGTGARTATTTCAATCAGCTGTCTGAGTCGGCCTAGTGCCTTATTCTTTRAACAAGTTAAAACTTTCAACAACGGATCTCTTGGCTCTCGCATCGATGAAGAACGCAGCGAAATGCGATAAGTAATGTGAATTGCAGAATTCAGTGAATCATCGAATCTTTGAACGCACATTGCGCCCCTTGGTATTCCTTGGGGCATGCCTGTTCGAGCGTCACTACAAACCCGCTCATAAATGTTATGGTATTGATGGAAGTGAACTGTTGCAACTAAAGTGTGTGRATCACCCCATCGAAATACATAGGCAGGACAACRAACCTCTGTAGCTGACTTAGTAACTGTTTTCAAGACACAAACCAGTCACTTGCTAGGTTCTAGCCTGGCTCCTTAGACCTCCATTCAAGATAA,SOS-020,3,11,c,C,k__Fungi,p__Ascomycota,c__Pezizomycetes,o__Pezizales,f__Tuberaceae,g__Tuber,s__candidum,sos_assembly1 Contig 2
CACATATATGGGACACTAATGTGGTCCCTTGACTAAAACCCTCTCCGCGTACCAATCTATGTTGCTTTCCTAGGTGGTTGGTTTCAGCTGCCGTCCAACATTGCCTGCTAGCTCAGTCAATCCGAGTTGTTAACTTGGAGTTTGATCTTTTTTTACTGATGGGTTAAGCTTTAATGGGTCAGCGAGCTTAATTTATATCTATCAGGATCAGCTATGTAGGCCCCTGGKAAAGGTCCATCGCAAGTGARTATTTCAATCAGCTGTCTGAGTCGGCCTAGTGCCTTATTCTTTRAACAAGTTAAAACTTTCAACAACGGATCTCTTGGCTCTCGCATCGATGAAGAACGCAGCGAAATGCGATAAGTAATGTGAATTGCAGAATTCAGTGAATCATCGAATCTTTGAACGCACATTGCGCCCCTTGGTATTCCTTGGGGCATGCCTGTTCGAGCGTCACTACAAACCCGCTCATAAATGTTATGGTATTGATGGAAGTGAACTGTTGCAACTAAAGTGTGTGRATCACCCCATCGAAATACATAGGCAGGACAACRAACCTCTGTAGCTGACTTAGTAACTGTTTTCAAGACACAAACCAGTCACTTGCTAGGTTCTAGCCTGGCTCCTTAGACCTCCATTCAAGATAA,SOS-003,4,5,d,C,k__Fungi,p__Ascomycota,c__Pezizomycetes,o__Pezizales,f__Tuberaceae,g__Tuber,s__candidum,sos_assembly1 Contig 2
CACATATATGGGACACTAATGTGGTCCCTTGACTAAAACCCTCTCCGCGTACCAATCTATGTTGCTTTCCTAGGTGGTTGGTTTCAGCTGCCGTCCAACATTGCCTGCTAGCTCAGTCAATCCGAGTTGTTAACTTGGAGTTTGATCTTTTTTTACTGATGGGTTAAGCTTTAATGGGTCAGCGAGCTTAATTTATATCTATCAGGATCAGCTATGTAGGCCCCTGGKAAAGGTCCATCGCAAGTGARTATTTCAATCAGCTGTCTGAGTCGGCCTAGTGCCTTATTCTTTRAACAAGTTAAAACTTTCAACAACGGATCTCTTGGCTCTCGCATCGATGAAGAACGCAGCGAAATGCGATAAGTAATGTGAATTGCAGAATTCAGTGAATCATCGAATCTTTGAACGCACATTGCGCCCCTTGGTATTCCTTGGGGCATGCCTGTTCGAGCGTCACTACAAACCCGCTCATAAATGTTATGGTATTGATGGAAGTGAACTGTTGCAACTAAAGTGTGTGRATCACCCCATCGAAATACATAGGCAGGACAACRAACCTCTGTAGCTGACTTAGTAACTGTTTTCAAGACACAAACCAGTCACTTGCTAGGTTCTAGCCTGGCTCCTTAGACCTCCATTCAAGATAA,SOS-004,2,3,a,C,k__Fungi,p__Ascomycota,c__Pezizomycetes,o__Pezizales,f__Tuberaceae,g__Tuber,s__candidum,sos_assembly1 Contig 2
CACATATATGGGACACTAATGTGGTCCCTTGACTAAAACCCTCTCCGCGTACCAATCTATGTTGCTTTCCTAGGTGGTTGGTTTCAGCTGCCGTCCAACATTGCCTGCTAGCTCAGTCAATCCGAGTTGTTAACTTGGAGTTTGATCTTTTTTTACTGATGGGTTAAGCTTTAATGGGTCAGCGAGCTTAATTTATATCTATCAGGATCAGCTATGTAGGCCCCTGGKAAAGGTCCATCGCAAGTGARTATTTCAATCAGCTGTCTGAGTCGGCCTAGTGCCTTATTCTTTRAACAAGTTAAAACTTTCAACAACGGATCTCTTGGCTCTCGCATCGATGAAGAACGCAGCGAAATGCGATAAGTAATGTGAATTGCAGAATTCAGTGAATCATCGAATCTTTGAACGCACATTGCGCCCCTTGGTATTCCTTGGGGCATGCCTGTTCGAGCGTCACTACAAACCCGCTCATAAATGTTATGGTATTGATGGAAGTGAACTGTTGCAACTAAAGTGTGTGRATCACCCCATCGAAATACATAGGCAGGACAACRAACCTCTGTAGCTGACTTAGTAACTGTTTTCAAGACACAAACCAGTCACTTGCTAGGTTCTAGCCTGGCTCCTTAGACCTCCATTCAAGATAA,SOS-004,2,2,f,F,k__Fungi,p__Ascomycota,c__Pezizomycetes,o__Pezizales,f__Tuberaceae,g__Tuber,s__candidum,sos_assembly1 Contig 2
CACATATATGGGACACTAATGTGGTCCCTTGACTAAAACCCTCTCCGCGTACCAATCTATGTTGCTTTCCTAGGTGGTTGGTTTCAGCTGCCGTCCAACATTGCCTGCTAGCTCAGTCAATCCGAGTTGTTAACTTGGAGTTTGATCTTTTTTTACTGATGGGTTAAGCTTTAATGGGTCAGCGAGCTTAATTTATATCTATCAGGATCAGCTATGTAGGCCCCTGGKAAAGGTCCATCGCAAGTGARTATTTCAATCAGCTGTCTGAGTCGGCCTAGTGCCTTATTCTTTRAACAAGTTAAAACTTTCAACAACGGATCTCTTGGCTCTCGCATCGATGAAGAACGCAGCGAAATGCGATAAGTAATGTGAATTGCAGAATTCAGTGAATCATCGAATCTTTGAACGCACATTGCGCCCCTTGGTATTCCTTGGGGCATGCCTGTTCGAGCGTCACTACAAACCCGCTCATAAATGTTATGGTATTGATGGAAGTGAACTGTTGCAACTAAAGTGTGTGRATCACCCCATCGAAATACATAGGCAGGACAACRAACCTCTGTAGCTGACTTAGTAACTGTTTTCAAGACACAAACCAGTCACTTGCTAGGTTCTAGCCTGGCTCCTTAGACCTCCATTCAAGATAA,SOS-020,3,11,b,C,k__Fungi,p__Ascomycota,c__Pezizomycetes,o__Pezizales,f__Tuberaceae,g__Tuber,s__candidum,sos_assembly1 Contig 2
CACATATATGGGACACTAATGTGGTCCCTTGACTAAAACCCTCTCCGCGTACCAATCTATGTTGCTTTCCTAGGTGGTTGGTTTCAGCTGCCGTCCAACATTGCCTGCTAGCTCAGTCAATCCGAGTTGTTAACTTGGAGTTTGATCTTTTTTTACTGATGGGTTAAGCTTTAATGGGTCAGCGAGCTTAATTTATATCTATCAGGATCAGCTATGTAGGCCCCTGGKAAAGGTCCATCGCAAGTGARTATTTCAATCAGCTGTCTGAGTCGGCCTAGTGCCTTATTCTTTRAACAAGTTAAAACTTTCAACAACGGATCTCTTGGCTCTCGCATCGATGAAGAACGCAGCGAAATGCGATAAGTAATGTGAATTGCAGAATTCAGTGAATCATCGAATCTTTGAACGCACATTGCGCCCCTTGGTATTCCTTGGGGCATGCCTGTTCGAGCGTCACTACAAACCCGCTCATAAATGTTATGGTATTGATGGAAGTGAACTGTTGCAACTAAAGTGTGTGRATCACCCCATCGAAATACATAGGCAGGACAACRAACCTCTGTAGCTGACTTAGTAACTGTTTTCAAGACACAAACCAGTCACTTGCTAGGTTCTAGCCTGGCTCCTTAGACCTCCATTCAAGATAA,SOS-002,4,4,a,C,k__Fungi,p__Ascomycota,c__Pezizomycetes,o__Pezizales,f__Tuberaceae,g__Tuber,s__candidum,sos_assembly1 Contig 2
CACATATATGGGACACTAATGTGGTCCCTTGACTAAAACCCTCTCCGCGTACCAATCTATGTTGCTTTCCTAGGTGGTTGGTTTCAGCTGCCGTCCAACATTGCCTGCTAGCTCAGTCAATCCGAGTTGTTAACTTGGAGTTTGATCTTTTTTTACTGATGGGTTAAGCTTTAATGGGTCAGCGAGCTTAATTTATATCTATCAGGATCAGCTATGTAGGCCCCTGGKAAAGGTCCATCGCAAGTGARTATTTCAATCAGCTGTCTGAGTCGGCCTAGTGCCTTATTCTTTRAACAAGTTAAAACTTTCAACAACGGATCTCTTGGCTCTCGCATCGATGAAGAACGCAGCGAAATGCGATAAGTAATGTGAATTGCAGAATTCAGTGAATCATCGAATCTTTGAACGCACATTGCGCCCCTTGGTATTCCTTGGGGCATGCCTGTTCGAGCGTCACTACAAACCCGCTCATAAATGTTATGGTATTGATGGAAGTGAACTGTTGCAACTAAAGTGTGTGRATCACCCCATCGAAATACATAGGCAGGACAACRAACCTCTGTAGCTGACTTAGTAACTGTTTTCAAGACACAAACCAGTCACTTGCTAGGTTCTAGCCTGGCTCCTTAGACCTCCATTCAAGATAA,SOS-038,4,2,a,C,k__Fungi,p__Ascomycota,c__Pezizomycetes,o__Pezizales,f__Tuberaceae,g__Tuber,s__candidum,sos_assembly1 Contig 2
CACATATATGGGACACTAATGTGGTCCCTTGACTAAAACCCTCTCCGCGTACCAATCTATGTTGCTTTCCTAGGTGGTTGGTTTCAGCTGCCGTCCAACATTGCCTGCTAGCTCAGTCAATCCGAGTTGTTAACTTGGAGTTTGATCTTTTTTTACTGATGGGTTAAGCTTTAATGGGTCAGCGAGCTTAATTTATATCTATCAGGATCAGCTATGTAGGCCCCTGGKAAAGGTCCATCGCAAGTGARTATTTCAATCAGCTGTCTGAGTCGGCCTAGTGCCTTATTCTTTRAACAAGTTAAAACTTTCAACAACGGATCTCTTGGCTCTCGCATCGATGAAGAACGCAGCGAAATGCGATAAGTAATGTGAATTGCAGAATTCAGTGAATCATCGAATCTTTGAACGCACATTGCGCCCCTTGGTATTCCTTGGGGCATGCCTGTTCGAGCGTCACTACAAACCCGCTCATAAATGTTATGGTATTGATGGAAGTGAACTGTTGCAACTAAAGTGTGTGRATCACCCCATCGAAATACATAGGCAGGACAACRAACCTCTGTAGCTGACTTAGTAACTGTTTTCAAGACACAAACCAGTCACTTGCTAGGTTCTAGCCTGGCTCCTTAGACCTCCATTCAAGATAA,SOS-004,2,3,f,C,k__Fungi,p__Ascomycota,c__Pezizomycetes,o__Pezizales,f__Tuberaceae,g__Tuber,s__candidum,sos_assembly1 Contig 2
CACATATATGGGACACTAATGTGGTCCCTTGACTAAAACCCTCTCCGCGTACCAATCTATGTTGCTTTCCTAGGTGGTTGGTTTCAGCTGCCGTCCAACATTGCCTGCTAGCTCAGTCAATCCGAGTTGTTAACTTGGAGTTTGATCTTTTTTTACTGATGGGTTAAGCTTTAATGGGTCAGCGAGCTTAATTTATATCTATCAGGATCAGCTATGTAGGCCCCTGGKAAAGGTCCATCGCAAGTGARTATTTCAATCAGCTGTCTGAGTCGGCCTAGTGCCTTATTCTTTRAACAAGTTAAAACTTTCAACAACGGATCTCTTGGCTCTCGCATCGATGAAGAACGCAGCGAAATGCGATAAGTAATGTGAATTGCAGAATTCAGTGAATCATCGAATCTTTGAACGCACATTGCGCCCCTTGGTATTCCTTGGGGCATGCCTGTTCGAGCGTCACTACAAACCCGCTCATAAATGTTATGGTATTGATGGAAGTGAACTGTTGCAACTAAAGTGTGTGRATCACCCCATCGAAATACATAGGCAGGACAACRAACCTCTGTAGCTGACTTAGTAACTGTTTTCAAGACACAAACCAGTCACTTGCTAGGTTCTAGCCTGGCTCCTTAGACCTCCATTCAAGATAA,SOS-003,4,5,e,C,k__Fungi,p__Ascomycota,c__Pezizomycetes,o__Pezizales,f__Tuberaceae,g__Tuber,s__candidum,sos_assembly1 Contig 2
CACATATATGGGACACTAATGTGGTCCCTTGACTAAAACCCTCTCCGCGTACCAATCTATGTTGCTTTCCTAGGTGGTTGGTTTCAGCTGCCGTCCAACATTGCCTGCTAGCTCAGTCAATCCGAGTTGTTAACTTGGAGTTTGATCTTTTTTTACTGATGGGTTAAGCTTTAATGGGTCAGCGAGCTTAATTTATATCTATCAGGATCAGCTATGTAGGCCCCTGGKAAAGGTCCATCGCAAGTGARTATTTCAATCAGCTGTCTGAGTCGGCCTAGTGCCTTATTCTTTRAACAAGTTAAAACTTTCAACAACGGATCTCTTGGCTCTCGCATCGATGAAGAACGCAGCGAAATGCGATAAGTAATGTGAATTGCAGAATTCAGTGAATCATCGAATCTTTGAACGCACATTGCGCCCCTTGGTATTCCTTGGGGCATGCCTGTTCGAGCGTCACTACAAACCCGCTCATAAATGTTATGGTATTGATGGAAGTGAACTGTTGCAACTAAAGTGTGTGRATCACCCCATCGAAATACATAGGCAGGACAACRAACCTCTGTAGCTGACTTAGTAACTGTTTTCAAGACACAAACCAGTCACTTGCTAGGTTCTAGCCTGGCTCCTTAGACCTCCATTCAAGATAA,SOS-002,4,4,c,C,k__Fungi,p__Ascomycota,c__Pezizomycetes,o__Pezizales,f__Tuberaceae,g__Tuber,s__candidum,sos_assembly1 Contig 2
CACATATATGGGACACTAATGTGGTCCCTTGACTAAAACCCTCTCCGCGTACCAATCTATGTTGCTTTCCTAGGTGGTTGGTTTCAGCTGCCGTCCAACATTGCCTGCTAGCTCAGTCAATCCGAGTTGTTAACTTGGAGTTTGATCTTTTTTTACTGATGGGTTAAGCTTTAATGGGTCAGCGAGCTTAATTTATATCTATCAGGATCAGCTATGTAGGCCCCTGGKAAAGGTCCATCGCAAGTGARTATTTCAATCAGCTGTCTGAGTCGGCCTAGTGCCTTATTCTTTRAACAAGTTAAAACTTTCAACAACGGATCTCTTGGCTCTCGCATCGATGAAGAACGCAGCGAAATGCGATAAGTAATGTGAATTGCAGAATTCAGTGAATCATCGAATCTTTGAACGCACATTGCGCCCCTTGGTATTCCTTGGGGCATGCCTGTTCGAGCGTCACTACAAACCCGCTCATAAATGTTATGGTATTGATGGAAGTGAACTGTTGCAACTAAAGTGTGTGRATCACCCCATCGAAATACATAGGCAGGACAACRAACCTCTGTAGCTGACTTAGTAACTGTTTTCAAGACACAAACCAGTCACTTGCTAGGTTCTAGCCTGGCTCCTTAGACCTCCATTCAAGATAA,SOS-002,4,4,b,C,k__Fungi,p__Ascomycota,c__Pezizomycetes,o__Pezizales,f__Tuberaceae,g__Tuber,s__candidum,sos_assembly1 Contig 2
CACATATATGGGACACTAATGTGGTCCCTTGACTAAAACCCTCTCCGCGTACCAATCTATGTTGCTTTCCTAGGTGGTTGGTTTCAGCTGCCGTCCAACATTGCCTGCTAGCTCAGTCAATCCGAGTTGTTAACTTGGAGTTTGATCTTTTTTTACTGATGGGTTAAGCTTTAATGGGTCAGCGAGCTTAATTTATATCTATCAGGATCAGCTATGTAGGCCCCTGGKAAAGGTCCATCGCAAGTGARTATTTCAATCAGCTGTCTGAGTCGGCCTAGTGCCTTATTCTTTRAACAAGTTAAAACTTTCAACAACGGATCTCTTGGCTCTCGCATCGATGAAGAACGCAGCGAAATGCGATAAGTAATGTGAATTGCAGAATTCAGTGAATCATCGAATCTTTGAACGCACATTGCGCCCCTTGGTATTCCTTGGGGCATGCCTGTTCGAGCGTCACTACAAACCCGCTCATAAATGTTATGGTATTGATGGAAGTGAACTGTTGCAACTAAAGTGTGTGRATCACCCCATCGAAATACATAGGCAGGACAACRAACCTCTGTAGCTGACTTAGTAACTGTTTTCAAGACACAAACCAGTCACTTGCTAGGTTCTAGCCTGGCTCCTTAGACCTCCATTCAAGATAA,SOS-022,1,4,f,C,k__Fungi,p__Ascomycota,c__Pezizomycetes,o__Pezizales,f__Tuberaceae,g__Tuber,s__candidum,sos_assembly1 Contig 2
CACATATATGGGACACTAATGTGGTCCCTTGACTAAAACCCTCTCCGCGTACCAATCTATGTTGCTTTCCTAGGTGGTTGGTTTCAGCTGCCGTCCAACATTGCCTGCTAGCTCAGTCAATCCGAGTTGTTAACTTGGAGTTTGATCTTTTTTTACTGATGGGTTAAGCTTTAATGGGTCAGCGAGCTTAATTTATATCTATCAGGATCAGCTATGTAGGCCCCTGGKAAAGGTCCATCGCAAGTGARTATTTCAATCAGCTGTCTGAGTCGGCCTAGTGCCTTATTCTTTRAACAAGTTAAAACTTTCAACAACGGATCTCTTGGCTCTCGCATCGATGAAGAACGCAGCGAAATGCGATAAGTAATGTGAATTGCAGAATTCAGTGAATCATCGAATCTTTGAACGCACATTGCGCCCCTTGGTATTCCTTGGGGCATGCCTGTTCGAGCGTCACTACAAACCCGCTCATAAATGTTATGGTATTGATGGAAGTGAACTGTTGCAACTAAAGTGTGTGRATCACCCCATCGAAATACATAGGCAGGACAACRAACCTCTGTAGCTGACTTAGTAACTGTTTTCAAGACACAAACCAGTCACTTGCTAGGTTCTAGCCTGGCTCCTTAGACCTCCATTCAAGATAA,SOS-038,4,2,b,C,k__Fungi,p__Ascomycota,c__Pezizomycetes,o__Pezizales,f__Tuberaceae,g__Tuber,s__candidum,sos_assembly1 Contig 2
CACATATATGGGACACTAATGTGGTCCCTTGACTAAAACCCTCTCCGCGTACCAATCTATGTTGCTTTCCTAGGTGGTTGGTTTCAGCTGCCGTCCAACATTGCCTGCTAGCTCAGTCAATCCGAGTTGTTAACTTGGAGTTTGATCTTTTTTTACTGATGGGTTAAGCTTTAATGGGTCAGCGAGCTTAATTTATATCTATCAGGATCAGCTATGTAGGCCCCTGGKAAAGGTCCATCGCAAGTGARTATTTCAATCAGCTGTCTGAGTCGGCCTAGTGCCTTATTCTTTRAACAAGTTAAAACTTTCAACAACGGATCTCTTGGCTCTCGCATCGATGAAGAACGCAGCGAAATGCGATAAGTAATGTGAATTGCAGAATTCAGTGAATCATCGAATCTTTGAACGCACATTGCGCCCCTTGGTATTCCTTGGGGCATGCCTGTTCGAGCGTCACTACAAACCCGCTCATAAATGTTATGGTATTGATGGAAGTGAACTGTTGCAACTAAAGTGTGTGRATCACCCCATCGAAATACATAGGCAGGACAACRAACCTCTGTAGCTGACTTAGTAACTGTTTTCAAGACACAAACCAGTCACTTGCTAGGTTCTAGCCTGGCTCCTTAGACCTCCATTCAAGATAA,SOS-038,4,2,e,C,k__Fungi,p__Ascomycota,c__Pezizomycetes,o__Pezizales,f__Tuberaceae,g__Tuber,s__candidum,sos_assembly1 Contig 2
CATTACACAAGTATGCAAGCCCAGGACTACCGCCCTCTCNNNNANNNGNCGGTAGCCGCTAGGATGGGGGTGGTGGCCTGGGATCCATCTTCACCCATGTCTTTTTGCGTACTACCTGTTTCCTTGGCGAGCGMGCTCGCCAATTGGACCACCAATTAAACCTTTTTGTAATTGCAATCAGCGTCAGATAACACAAATGTAATAAATTACAACTTTCAACAACGGATCTCTTGGTTCTGGCATCGATGAAGAACGCAGCGAAATGCGATAAGTAGTGTGAATTGCAGAATTCAGTGAATCATCGAATCTTTGAACGCACATTGCGCCCTTTGGTATTCCAAAGGGCATGCCTGTTCGAGCGTCATTTGTACCCTCAAGCTTTTGCTTGGTGTTGGGCGTTTTTGTCGTGGGTCTGCCCACGACTCGCCTTAAAATCATTGGCAGCCGGCCTACTGGTTTCGGAGCGCAGCACATTTTTGCGCTCAGTCCAGCAGCGGTCACGCGTCCACGAAGCGAA,SOS-013,1,1,b,A,k__Fungi,p__Ascomycota,c__Dothideomycetes,o__Pleosporales,f__Pleosporaceae,g__Bipolaris,s__brizae,sos_assembly1 Contig 3
CATTACACAAGTATGCAAGCCCAGGACTACCGCCCTCTCNNNNANNNGNCGGTAGCCGCTAGGATGGGGGTGGTGGCCTGGGATCCATCTTCACCCATGTCTTTTTGCGTACTACCTGTTTCCTTGGCGAGCGMGCTCGCCAATTGGACCACCAATTAAACCTTTTTGTAATTGCAATCAGCGTCAGATAACACAAATGTAATAAATTACAACTTTCAACAACGGATCTCTTGGTTCTGGCATCGATGAAGAACGCAGCGAAATGCGATAAGTAGTGTGAATTGCAGAATTCAGTGAATCATCGAATCTTTGAACGCACATTGCGCCCTTTGGTATTCCAAAGGGCATGCCTGTTCGAGCGTCATTTGTACCCTCAAGCTTTTGCTTGGTGTTGGGCGTTTTTGTCGTGGGTCTGCCCACGACTCGCCTTAAAATCATTGGCAGCCGGCCTACTGGTTTCGGAGCGCAGCACATTTTTGCGCTCAGTCCAGCAGCGGTCACGCGTCCACGAAGCGAA,SOS-014,3,10,d,H,k__Fungi,p__Ascomycota,c__Dothideomycetes,o__Pleosporales,f__Pleosporaceae,g__Bipolaris,s__brizae,sos_assembly1 Contig 3
CATTACACAAGTATGCAAGCCCAGGACTACCGCCCTCTCNNNNANNNGNCGGTAGCCGCTAGGATGGGGGTGGTGGCCTGGGATCCATCTTCACCCATGTCTTTTTGCGTACTACCTGTTTCCTTGGCGAGCGMGCTCGCCAATTGGACCACCAATTAAACCTTTTTGTAATTGCAATCAGCGTCAGATAACACAAATGTAATAAATTACAACTTTCAACAACGGATCTCTTGGTTCTGGCATCGATGAAGAACGCAGCGAAATGCGATAAGTAGTGTGAATTGCAGAATTCAGTGAATCATCGAATCTTTGAACGCACATTGCGCCCTTTGGTATTCCAAAGGGCATGCCTGTTCGAGCGTCATTTGTACCCTCAAGCTTTTGCTTGGTGTTGGGCGTTTTTGTCGTGGGTCTGCCCACGACTCGCCTTAAAATCATTGGCAGCCGGCCTACTGGTTTCGGAGCGCAGCACATTTTTGCGCTCAGTCCAGCAGCGGTCACGCGTCCACGAAGCGAA,SOS-008,1,9,a,A,k__Fungi,p__Ascomycota,c__Dothideomycetes,o__Pleosporales,f__Pleosporaceae,g__Bipolaris,s__brizae,sos_assembly1 Contig 3
CATTACACAAGTATGCAAGCCCAGGACTACCGCCCTCTCNNNNANNNGNCGGTAGCCGCTAGGATGGGGGTGGTGGCCTGGGATCCATCTTCACCCATGTCTTTTTGCGTACTACCTGTTTCCTTGGCGAGCGMGCTCGCCAATTGGACCACCAATTAAACCTTTTTGTAATTGCAATCAGCGTCAGATAACACAAATGTAATAAATTACAACTTTCAACAACGGATCTCTTGGTTCTGGCATCGATGAAGAACGCAGCGAAATGCGATAAGTAGTGTGAATTGCAGAATTCAGTGAATCATCGAATCTTTGAACGCACATTGCGCCCTTTGGTATTCCAAAGGGCATGCCTGTTCGAGCGTCATTTGTACCCTCAAGCTTTTGCTTGGTGTTGGGCGTTTTTGTCGTGGGTCTGCCCACGACTCGCCTTAAAATCATTGGCAGCCGGCCTACTGGTTTCGGAGCGCAGCACATTTTTGCGCTCAGTCCAGCAGCGGTCACGCGTCCACGAAGCGAA,SOS-011,1,7,d,A,k__Fungi,p__Ascomycota,c__Dothideomycetes,o__Pleosporales,f__Pleosporaceae,g__Bipolaris,s__brizae,sos_assembly1 Contig 3
CATTACACAAGTATGCAAGCCCAGGACTACCGCCCTCTCNNNNANNNGNCGGTAGCCGCTAGGATGGGGGTGGTGGCCTGGGATCCATCTTCACCCATGTCTTTTTGCGTACTACCTGTTTCCTTGGCGAGCGMGCTCGCCAATTGGACCACCAATTAAACCTTTTTGTAATTGCAATCAGCGTCAGATAACACAAATGTAATAAATTACAACTTTCAACAACGGATCTCTTGGTTCTGGCATCGATGAAGAACGCAGCGAAATGCGATAAGTAGTGTGAATTGCAGAATTCAGTGAATCATCGAATCTTTGAACGCACATTGCGCCCTTTGGTATTCCAAAGGGCATGCCTGTTCGAGCGTCATTTGTACCCTCAAGCTTTTGCTTGGTGTTGGGCGTTTTTGTCGTGGGTCTGCCCACGACTCGCCTTAAAATCATTGGCAGCCGGCCTACTGGTTTCGGAGCGCAGCACATTTTTGCGCTCAGTCCAGCAGCGGTCACGCGTCCACGAAGCGAA,SOS-044,3,5,c,A,k__Fungi,p__Ascomycota,c__Dothideomycetes,o__Pleosporales,f__Pleosporaceae,g__Bipolaris,s__brizae,sos_assembly1 Contig 3
CATTACACAAGTATGCAAGCCCAGGACTACCGCCCTCTCNNNNANNNGNCGGTAGCCGCTAGGATGGGGGTGGTGGCCTGGGATCCATCTTCACCCATGTCTTTTTGCGTACTACCTGTTTCCTTGGCGAGCGMGCTCGCCAATTGGACCACCAATTAAACCTTTTTGTAATTGCAATCAGCGTCAGATAACACAAATGTAATAAATTACAACTTTCAACAACGGATCTCTTGGTTCTGGCATCGATGAAGAACGCAGCGAAATGCGATAAGTAGTGTGAATTGCAGAATTCAGTGAATCATCGAATCTTTGAACGCACATTGCGCCCTTTGGTATTCCAAAGGGCATGCCTGTTCGAGCGTCATTTGTACCCTCAAGCTTTTGCTTGGTGTTGGGCGTTTTTGTCGTGGGTCTGCCCACGACTCGCCTTAAAATCATTGGCAGCCGGCCTACTGGTTTCGGAGCGCAGCACATTTTTGCGCTCAGTCCAGCAGCGGTCACGCGTCCACGAAGCGAA,SOS-050,4,3,b,H,k__Fungi,p__Ascomycota,c__Dothideomycetes,o__Pleosporales,f__Pleosporaceae,g__Bipolaris,s__brizae,sos_assembly1 Contig 3
CATTACACAAGTATGCAAGCCCAGGACTACCGCCCTCTCNNNNANNNGNCGGTAGCCGCTAGGATGGGGGTGGTGGCCTGGGATCCATCTTCACCCATGTCTTTTTGCGTACTACCTGTTTCCTTGGCGAGCGMGCTCGCCAATTGGACCACCAATTAAACCTTTTTGTAATTGCAATCAGCGTCAGATAACACAAATGTAATAAATTACAACTTTCAACAACGGATCTCTTGGTTCTGGCATCGATGAAGAACGCAGCGAAATGCGATAAGTAGTGTGAATTGCAGAATTCAGTGAATCATCGAATCTTTGAACGCACATTGCGCCCTTTGGTATTCCAAAGGGCATGCCTGTTCGAGCGTCATTTGTACCCTCAAGCTTTTGCTTGGTGTTGGGCGTTTTTGTCGTGGGTCTGCCCACGACTCGCCTTAAAATCATTGGCAGCCGGCCTACTGGTTTCGGAGCGCAGCACATTTTTGCGCTCAGTCCAGCAGCGGTCACGCGTCCACGAAGCGAA,SOS-001,3,7,b,A,k__Fungi,p__Ascomycota,c__Dothideomycetes,o__Pleosporales,f__Pleosporaceae,g__Bipolaris,s__brizae,sos_assembly1 Contig 3
CATTACACAAGTATGCAAGCCCAGGACTACCGCCCTCTCNNNNANNNGNCGGTAGCCGCTAGGATGGGGGTGGTGGCCTGGGATCCATCTTCACCCATGTCTTTTTGCGTACTACCTGTTTCCTTGGCGAGCGMGCTCGCCAATTGGACCACCAATTAAACCTTTTTGTAATTGCAATCAGCGTCAGATAACACAAATGTAATAAATTACAACTTTCAACAACGGATCTCTTGGTTCTGGCATCGATGAAGAACGCAGCGAAATGCGATAAGTAGTGTGAATTGCAGAATTCAGTGAATCATCGAATCTTTGAACGCACATTGCGCCCTTTGGTATTCCAAAGGGCATGCCTGTTCGAGCGTCATTTGTACCCTCAAGCTTTTGCTTGGTGTTGGGCGTTTTTGTCGTGGGTCTGCCCACGACTCGCCTTAAAATCATTGGCAGCCGGCCTACTGGTTTCGGAGCGCAGCACATTTTTGCGCTCAGTCCAGCAGCGGTCACGCGTCCACGAAGCGAA,SOS-044,3,5,d,A,k__Fungi,p__Ascomycota,c__Dothideomycetes,o__Pleosporales,f__Pleosporaceae,g__Bipolaris,s__brizae,sos_assembly1 Contig 3
CATTACACAAGTATGCAAGCCCAGGACTACCGCCCTCTCNNNNANNNGNCGGTAGCCGCTAGGATGGGGGTGGTGGCCTGGGATCCATCTTCACCCATGTCTTTTTGCGTACTACCTGTTTCCTTGGCGAGCGMGCTCGCCAATTGGACCACCAATTAAACCTTTTTGTAATTGCAATCAGCGTCAGATAACACAAATGTAATAAATTACAACTTTCAACAACGGATCTCTTGGTTCTGGCATCGATGAAGAACGCAGCGAAATGCGATAAGTAGTGTGAATTGCAGAATTCAGTGAATCATCGAATCTTTGAACGCACATTGCGCCCTTTGGTATTCCAAAGGGCATGCCTGTTCGAGCGTCATTTGTACCCTCAAGCTTTTGCTTGGTGTTGGGCGTTTTTGTCGTGGGTCTGCCCACGACTCGCCTTAAAATCATTGGCAGCCGGCCTACTGGTTTCGGAGCGCAGCACATTTTTGCGCTCAGTCCAGCAGCGGTCACGCGTCCACGAAGCGAA,SOS-013,1,1,c,A,k__Fungi,p__Ascomycota,c__Dothideomycetes,o__Pleosporales,f__Pleosporaceae,g__Bipolaris,s__brizae,sos_assembly1 Contig 3
CATTACACAAGTATGCAAGCCCAGGACTACCGCCCTCTCNNNNANNNGNCGGTAGCCGCTAGGATGGGGGTGGTGGCCTGGGATCCATCTTCACCCATGTCTTTTTGCGTACTACCTGTTTCCTTGGCGAGCGMGCTCGCCAATTGGACCACCAATTAAACCTTTTTGTAATTGCAATCAGCGTCAGATAACACAAATGTAATAAATTACAACTTTCAACAACGGATCTCTTGGTTCTGGCATCGATGAAGAACGCAGCGAAATGCGATAAGTAGTGTGAATTGCAGAATTCAGTGAATCATCGAATCTTTGAACGCACATTGCGCCCTTTGGTATTCCAAAGGGCATGCCTGTTCGAGCGTCATTTGTACCCTCAAGCTTTTGCTTGGTGTTGGGCGTTTTTGTCGTGGGTCTGCCCACGACTCGCCTTAAAATCATTGGCAGCCGGCCTACTGGTTTCGGAGCGCAGCACATTTTTGCGCTCAGTCCAGCAGCGGTCACGCGTCCACGAAGCGAA,SOS-048,4,6,a,H,k__Fungi,p__Ascomycota,c__Dothideomycetes,o__Pleosporales,f__Pleosporaceae,g__Bipolaris,s__brizae,sos_assembly1 Contig 3
CATTACACAAGTATGCAAGCCCAGGACTACCGCCCTCTCNNNNANNNGNCGGTAGCCGCTAGGATGGGGGTGGTGGCCTGGGATCCATCTTCACCCATGTCTTTTTGCGTACTACCTGTTTCCTTGGCGAGCGMGCTCGCCAATTGGACCACCAATTAAACCTTTTTGTAATTGCAATCAGCGTCAGATAACACAAATGTAATAAATTACAACTTTCAACAACGGATCTCTTGGTTCTGGCATCGATGAAGAACGCAGCGAAATGCGATAAGTAGTGTGAATTGCAGAATTCAGTGAATCATCGAATCTTTGAACGCACATTGCGCCCTTTGGTATTCCAAAGGGCATGCCTGTTCGAGCGTCATTTGTACCCTCAAGCTTTTGCTTGGTGTTGGGCGTTTTTGTCGTGGGTCTGCCCACGACTCGCCTTAAAATCATTGGCAGCCGGCCTACTGGTTTCGGAGCGCAGCACATTTTTGCGCTCAGTCCAGCAGCGGTCACGCGTCCACGAAGCGAA,SOS-050,4,3,c,H,k__Fungi,p__Ascomycota,c__Dothideomycetes,o__Pleosporales,f__Pleosporaceae,g__Bipolaris,s__brizae,sos_assembly1 Contig 3
CATTACACAAGTATGCAAGCCCAGGACTACCGCCCTCTCNNNNANNNGNCGGTAGCCGCTAGGATGGGGGTGGTGGCCTGGGATCCATCTTCACCCATGTCTTTTTGCGTACTACCTGTTTCCTTGGCGAGCGMGCTCGCCAATTGGACCACCAATTAAACCTTTTTGTAATTGCAATCAGCGTCAGATAACACAAATGTAATAAATTACAACTTTCAACAACGGATCTCTTGGTTCTGGCATCGATGAAGAACGCAGCGAAATGCGATAAGTAGTGTGAATTGCAGAATTCAGTGAATCATCGAATCTTTGAACGCACATTGCGCCCTTTGGTATTCCAAAGGGCATGCCTGTTCGAGCGTCATTTGTACCCTCAAGCTTTTGCTTGGTGTTGGGCGTTTTTGTCGTGGGTCTGCCCACGACTCGCCTTAAAATCATTGGCAGCCGGCCTACTGGTTTCGGAGCGCAGCACATTTTTGCGCTCAGTCCAGCAGCGGTCACGCGTCCACGAAGCGAA,SOS-014,3,10,e,H,k__Fungi,p__Ascomycota,c__Dothideomycetes,o__Pleosporales,f__Pleosporaceae,g__Bipolaris,s__brizae,sos_assembly1 Contig 3
CATTACACAAGTATGCAAGCCCAGGACTACCGCCCTCTCNNNNANNNGNCGGTAGCCGCTAGGATGGGGGTGGTGGCCTGGGATCCATCTTCACCCATGTCTTTTTGCGTACTACCTGTTTCCTTGGCGAGCGMGCTCGCCAATTGGACCACCAATTAAACCTTTTTGTAATTGCAATCAGCGTCAGATAACACAAATGTAATAAATTACAACTTTCAACAACGGATCTCTTGGTTCTGGCATCGATGAAGAACGCAGCGAAATGCGATAAGTAGTGTGAATTGCAGAATTCAGTGAATCATCGAATCTTTGAACGCACATTGCGCCCTTTGGTATTCCAAAGGGCATGCCTGTTCGAGCGTCATTTGTACCCTCAAGCTTTTGCTTGGTGTTGGGCGTTTTTGTCGTGGGTCTGCCCACGACTCGCCTTAAAATCATTGGCAGCCGGCCTACTGGTTTCGGAGCGCAGCACATTTTTGCGCTCAGTCCAGCAGCGGTCACGCGTCCACGAAGCGAA,SOS-020,3,11,d,C,k__Fungi,p__Ascomycota,c__Dothideomycetes,o__Pleosporales,f__Pleosporaceae,g__Bipolaris,s__brizae,sos_assembly1 Contig 3
CATTACACAAGTATGCAAGCCCAGGACTACCGCCCTCTCAGCGGTAGCCGTTAGGATGGGGGTGGTGGCCTGGGATCCATCTTCACCCATGTCTTTTTGCGTACTACCTGTTTCCTTGGCGAGCGAGCTCGCCAATTGGACCACCAATTAAACCTTTTTGTAATTGCAATCAGCGTCAGATAACACAAATGTAATAAATTACAACTTTCAACAACGGATCTCTTGGTTCTGGCATCGATGAAGAACGCAGCGAAATGCGATAAGTAGTGTGAATTGCAGAATTCAGTGAATCATCGAATCTTTGAACGCACATTGCGCCCTTTGGTATTCCAAAGGGCATGCCTGTTCGAGCGTCATTTGTACCCTCAAGCTTTTGCTTGGTGTTGGGCGTTTTTGTCGTGGGTCTGCCCACGACTCGCCTTAAAATCATTGGCAGCCGGCCTACTGGTTTCGGAGCGCAGCACATTTTTGCGCTCAGTCCAGCAGCGGTCACGCGTCCACGAAGCGAA,SOS-009,1,6,a,A,k__Fungi,p__Ascomycota,c__Dothideomycetes,o__Pleosporales,f__Pleosporaceae,g__Bipolaris,s__brizae,sos_assembly1 Contig 4
CATTACACAAGTATGCAAGCCCAGGACTACCGCCCTCTCAGCGGTAGCCGTTAGGATGGGGGTGGTGGCCTGGGATCCATCTTCACCCATGTCTTTTTGCGTACTACCTGTTTCCTTGGCGAGCGAGCTCGCCAATTGGACCACCAATTAAACCTTTTTGTAATTGCAATCAGCGTCAGATAACACAAATGTAATAAATTACAACTTTCAACAACGGATCTCTTGGTTCTGGCATCGATGAAGAACGCAGCGAAATGCGATAAGTAGTGTGAATTGCAGAATTCAGTGAATCATCGAATCTTTGAACGCACATTGCGCCCTTTGGTATTCCAAAGGGCATGCCTGTTCGAGCGTCATTTGTACCCTCAAGCTTTTGCTTGGTGTTGGGCGTTTTTGTCGTGGGTCTGCCCACGACTCGCCTTAAAATCATTGGCAGCCGGCCTACTGGTTTCGGAGCGCAGCACATTTTTGCGCTCAGTCCAGCAGCGGTCACGCGTCCACGAAGCGAA,SOS-006,3,12,b,H,k__Fungi,p__Ascomycota,c__Dothideomycetes,o__Pleosporales,f__Pleosporaceae,g__Bipolaris,s__brizae,sos_assembly1 Contig 4
CATTACACAAGTATGCAAGCCCAGGACTACCGCCCTCTCAGCGGTAGCCGTTAGGATGGGGGTGGTGGCCTGGGATCCATCTTCACCCATGTCTTTTTGCGTACTACCTGTTTCCTTGGCGAGCGAGCTCGCCAATTGGACCACCAATTAAACCTTTTTGTAATTGCAATCAGCGTCAGATAACACAAATGTAATAAATTACAACTTTCAACAACGGATCTCTTGGTTCTGGCATCGATGAAGAACGCAGCGAAATGCGATAAGTAGTGTGAATTGCAGAATTCAGTGAATCATCGAATCTTTGAACGCACATTGCGCCCTTTGGTATTCCAAAGGGCATGCCTGTTCGAGCGTCATTTGTACCCTCAAGCTTTTGCTTGGTGTTGGGCGTTTTTGTCGTGGGTCTGCCCACGACTCGCCTTAAAATCATTGGCAGCCGGCCTACTGGTTTCGGAGCGCAGCACATTTTTGCGCTCAGTCCAGCAGCGGTCACGCGTCCACGAAGCGAA,SOS-011,1,7,c,A,k__Fungi,p__Ascomycota,c__Dothideomycetes,o__Pleosporales,f__Pleosporaceae,g__Bipolaris,s__brizae,sos_assembly1 Contig 4
CATTACACAAGTATGCAAGCCCAGGACTACCGCCCTCTCAGCGGTAGCCGTTAGGATGGGGGTGGTGGCCTGGGATCCATCTTCACCCATGTCTTTTTGCGTACTACCTGTTTCCTTGGCGAGCGAGCTCGCCAATTGGACCACCAATTAAACCTTTTTGTAATTGCAATCAGCGTCAGATAACACAAATGTAATAAATTACAACTTTCAACAACGGATCTCTTGGTTCTGGCATCGATGAAGAACGCAGCGAAATGCGATAAGTAGTGTGAATTGCAGAATTCAGTGAATCATCGAATCTTTGAACGCACATTGCGCCCTTTGGTATTCCAAAGGGCATGCCTGTTCGAGCGTCATTTGTACCCTCAAGCTTTTGCTTGGTGTTGGGCGTTTTTGTCGTGGGTCTGCCCACGACTCGCCTTAAAATCATTGGCAGCCGGCCTACTGGTTTCGGAGCGCAGCACATTTTTGCGCTCAGTCCAGCAGCGGTCACGCGTCCACGAAGCGAA,SOS-022,1,4,a,A,k__Fungi,p__Ascomycota,c__Dothideomycetes,o__Pleosporales,f__Pleosporaceae,g__Bipolaris,s__brizae,sos_assembly1 Contig 4
CATTACACAAGTATGCAAGCCCAGGACTACCGCCCTCTCAGCGGTAGCCGTTAGGATGGGGGTGGTGGCCTGGGATCCATCTTCACCCATGTCTTTTTGCGTACTACCTGTTTCCTTGGCGAGCGAGCTCGCCAATTGGACCACCAATTAAACCTTTTTGTAATTGCAATCAGCGTCAGATAACACAAATGTAATAAATTACAACTTTCAACAACGGATCTCTTGGTTCTGGCATCGATGAAGAACGCAGCGAAATGCGATAAGTAGTGTGAATTGCAGAATTCAGTGAATCATCGAATCTTTGAACGCACATTGCGCCCTTTGGTATTCCAAAGGGCATGCCTGTTCGAGCGTCATTTGTACCCTCAAGCTTTTGCTTGGTGTTGGGCGTTTTTGTCGTGGGTCTGCCCACGACTCGCCTTAAAATCATTGGCAGCCGGCCTACTGGTTTCGGAGCGCAGCACATTTTTGCGCTCAGTCCAGCAGCGGTCACGCGTCCACGAAGCGAA,SOS-014,3,10,c,H,k__Fungi,p__Ascomycota,c__Dothideomycetes,o__Pleosporales,f__Pleosporaceae,g__Bipolaris,s__brizae,sos_assembly1 Contig 4
CATTACACAAGTATGCAAGCCCAGGACTACCGCCCTCTCAGCGGTAGCCGTTAGGATGGGGGTGGTGGCCTGGGATCCATCTTCACCCATGTCTTTTTGCGTACTACCTGTTTCCTTGGCGAGCGAGCTCGCCAATTGGACCACCAATTAAACCTTTTTGTAATTGCAATCAGCGTCAGATAACACAAATGTAATAAATTACAACTTTCAACAACGGATCTCTTGGTTCTGGCATCGATGAAGAACGCAGCGAAATGCGATAAGTAGTGTGAATTGCAGAATTCAGTGAATCATCGAATCTTTGAACGCACATTGCGCCCTTTGGTATTCCAAAGGGCATGCCTGTTCGAGCGTCATTTGTACCCTCAAGCTTTTGCTTGGTGTTGGGCGTTTTTGTCGTGGGTCTGCCCACGACTCGCCTTAAAATCATTGGCAGCCGGCCTACTGGTTTCGGAGCGCAGCACATTTTTGCGCTCAGTCCAGCAGCGGTCACGCGTCCACGAAGCGAA,SOS-054,3,10,a,H,k__Fungi,p__Ascomycota,c__Dothideomycetes,o__Pleosporales,f__Pleosporaceae,g__Bipolaris,s__brizae,sos_assembly1 Contig 4
CATTACACAAGTATGCAAGCCCAGGACTACCGCCCTCTCAGCGGTAGCCGTTAGGATGGGGGTGGTGGCCTGGGATCCATCTTCACCCATGTCTTTTTGCGTACTACCTGTTTCCTTGGCGAGCGAGCTCGCCAATTGGACCACCAATTAAACCTTTTTGTAATTGCAATCAGCGTCAGATAACACAAATGTAATAAATTACAACTTTCAACAACGGATCTCTTGGTTCTGGCATCGATGAAGAACGCAGCGAAATGCGATAAGTAGTGTGAATTGCAGAATTCAGTGAATCATCGAATCTTTGAACGCACATTGCGCCCTTTGGTATTCCAAAGGGCATGCCTGTTCGAGCGTCATTTGTACCCTCAAGCTTTTGCTTGGTGTTGGGCGTTTTTGTCGTGGGTCTGCCCACGACTCGCCTTAAAATCATTGGCAGCCGGCCTACTGGTTTCGGAGCGCAGCACATTTTTGCGCTCAGTCCAGCAGCGGTCACGCGTCCACGAAGCGAA,SOS-006,3,12,a,H,k__Fungi,p__Ascomycota,c__Dothideomycetes,o__Pleosporales,f__Pleosporaceae,g__Bipolaris,s__brizae,sos_assembly1 Contig 4
CATTACACAAGTATGCAAGCCCAGGACTACCGCCCTCTCAGCGGTAGCCGTTAGGATGGGGGTGGTGGCCTGGGATCCATCTTCACCCATGTCTTTTTGCGTACTACCTGTTTCCTTGGCGAGCGAGCTCGCCAATTGGACCACCAATTAAACCTTTTTGTAATTGCAATCAGCGTCAGATAACACAAATGTAATAAATTACAACTTTCAACAACGGATCTCTTGGTTCTGGCATCGATGAAGAACGCAGCGAAATGCGATAAGTAGTGTGAATTGCAGAATTCAGTGAATCATCGAATCTTTGAACGCACATTGCGCCCTTTGGTATTCCAAAGGGCATGCCTGTTCGAGCGTCATTTGTACCCTCAAGCTTTTGCTTGGTGTTGGGCGTTTTTGTCGTGGGTCTGCCCACGACTCGCCTTAAAATCATTGGCAGCCGGCCTACTGGTTTCGGAGCGCAGCACATTTTTGCGCTCAGTCCAGCAGCGGTCACGCGTCCACGAAGCGAA,SOS-043,4,8,g,A,k__Fungi,p__Ascomycota,c__Dothideomycetes,o__Pleosporales,f__Pleosporaceae,g__Bipolaris,s__brizae,sos_assembly1 Contig 4
CATTACACAAGTATGCAAGCCCAGGACTACCGCCCTCTCAGCGGTAGCCGTTAGGATGGGGGTGGTGGCCTGGGATCCATCTTCACCCATGTCTTTTTGCGTACTACCTGTTTCCTTGGCGAGCGAGCTCGCCAATTGGACCACCAATTAAACCTTTTTGTAATTGCAATCAGCGTCAGATAACACAAATGTAATAAATTACAACTTTCAACAACGGATCTCTTGGTTCTGGCATCGATGAAGAACGCAGCGAAATGCGATAAGTAGTGTGAATTGCAGAATTCAGTGAATCATCGAATCTTTGAACGCACATTGCGCCCTTTGGTATTCCAAAGGGCATGCCTGTTCGAGCGTCATTTGTACCCTCAAGCTTTTGCTTGGTGTTGGGCGTTTTTGTCGTGGGTCTGCCCACGACTCGCCTTAAAATCATTGGCAGCCGGCCTACTGGTTTCGGAGCGCAGCACATTTTTGCGCTCAGTCCAGCAGCGGTCACGCGTCCACGAAGCGAA,SOS-050,4,3,a,H,k__Fungi,p__Ascomycota,c__Dothideomycetes,o__Pleosporales,f__Pleosporaceae,g__Bipolaris,s__brizae,sos_assembly1 Contig 4
CATTACACAAGTATGCAAGCCCAGGACTACCGCCCTCTCAGCGGTAGCCGTTAGGATGGGGGTGGTGGCCTGGGATCCATCTTCACCCATGTCTTTTTGCGTACTACCTGTTTCCTTGGCGAGCGAGCTCGCCAATTGGACCACCAATTAAACCTTTTTGTAATTGCAATCAGCGTCAGATAACACAAATGTAATAAATTACAACTTTCAACAACGGATCTCTTGGTTCTGGCATCGATGAAGAACGCAGCGAAATGCGATAAGTAGTGTGAATTGCAGAATTCAGTGAATCATCGAATCTTTGAACGCACATTGCGCCCTTTGGTATTCCAAAGGGCATGCCTGTTCGAGCGTCATTTGTACCCTCAAGCTTTTGCTTGGTGTTGGGCGTTTTTGTCGTGGGTCTGCCCACGACTCGCCTTAAAATCATTGGCAGCCGGCCTACTGGTTTCGGAGCGCAGCACATTTTTGCGCTCAGTCCAGCAGCGGTCACGCGTCCACGAAGCGAA,SOS-031,4,7,a,H,k__Fungi,p__Ascomycota,c__Dothideomycetes,o__Pleosporales,f__Pleosporaceae,g__Bipolaris,s__brizae,sos_assembly1 Contig 4
TCATAACCCTTTGTTGTCCGACTCTGTTGCCTCCGGGGCGACCCTGCCTTCACGGGCGGGGSCTCCGGBTGGACACTTCAAACTCTTGCGTAACTTTGCAGTCTGAGTAAAYTTAATTAATAAATTAAAACTTTYAACAACGGATCTCTTGGTTCTGGCATCGATGAAGAACGCAGCGAAATGCGATAAGTAATGTGAATTGCAGAATTCAGTGAATCATCGAATCTTTGAACGCACATTGCGCCCCCTGGTATTCCGGGGGGCATGCCTGTTCGAGCGTCATTTCACCACTCAAGCCTCGCTTGSTATTGGGCAACGCGGTCCGCCGCGTGCCTCAAATCGTCCGGCTGGGTCTTCTGTCCCCTAAGCGTTGTGGAAACTATTCGCTAAAGGGTGTTCGGGAGGCTACGCCGTAAAACAACCCCATTTCTAAGGTTGACCTCGGATCAGGTAGGGATACCCGCTGAACTTAAGCA,SOS-004,2,3,b,C,k__Fungi,p__Ascomycota,c__Dothideomycetes,o__Capnodiales,f__Mycosphaerellaceae,g__Mycosphaerella,s__tassiana,sos_assembly1 Contig 5
TCATAACCCTTTGTTGTCCGACTCTGTTGCCTCCGGGGCGACCCTGCCTTCACGGGCGGGGSCTCCGGBTGGACACTTCAAACTCTTGCGTAACTTTGCAGTCTGAGTAAAYTTAATTAATAAATTAAAACTTTYAACAACGGATCTCTTGGTTCTGGCATCGATGAAGAACGCAGCGAAATGCGATAAGTAATGTGAATTGCAGAATTCAGTGAATCATCGAATCTTTGAACGCACATTGCGCCCCCTGGTATTCCGGGGGGCATGCCTGTTCGAGCGTCATTTCACCACTCAAGCCTCGCTTGSTATTGGGCAACGCGGTCCGCCGCGTGCCTCAAATCGTCCGGCTGGGTCTTCTGTCCCCTAAGCGTTGTGGAAACTATTCGCTAAAGGGTGTTCGGGAGGCTACGCCGTAAAACAACCCCATTTCTAAGGTTGACCTCGGATCAGGTAGGGATACCCGCTGAACTTAAGCA,SOS-053,2,6,b,C,k__Fungi,p__Ascomycota,c__Dothideomycetes,o__Capnodiales,f__Mycosphaerellaceae,g__Mycosphaerella,s__tassiana,sos_assembly1 Contig 5
TCATAACCCTTTGTTGTCCGACTCTGTTGCCTCCGGGGCGACCCTGCCTTCACGGGCGGGGSCTCCGGBTGGACACTTCAAACTCTTGCGTAACTTTGCAGTCTGAGTAAAYTTAATTAATAAATTAAAACTTTYAACAACGGATCTCTTGGTTCTGGCATCGATGAAGAACGCAGCGAAATGCGATAAGTAATGTGAATTGCAGAATTCAGTGAATCATCGAATCTTTGAACGCACATTGCGCCCCCTGGTATTCCGGGGGGCATGCCTGTTCGAGCGTCATTTCACCACTCAAGCCTCGCTTGSTATTGGGCAACGCGGTCCGCCGCGTGCCTCAAATCGTCCGGCTGGGTCTTCTGTCCCCTAAGCGTTGTGGAAACTATTCGCTAAAGGGTGTTCGGGAGGCTACGCCGTAAAACAACCCCATTTCTAAGGTTGACCTCGGATCAGGTAGGGATACCCGCTGAACTTAAGCA,SOS-046,1,11,a,A,k__Fungi,p__Ascomycota,c__Dothideomycetes,o__Capnodiales,f__Mycosphaerellaceae,g__Mycosphaerella,s__tassiana,sos_assembly1 Contig 5
TCATAACCCTTTGTTGTCCGACTCTGTTGCCTCCGGGGCGACCCTGCCTTCACGGGCGGGGSCTCCGGBTGGACACTTCAAACTCTTGCGTAACTTTGCAGTCTGAGTAAAYTTAATTAATAAATTAAAACTTTYAACAACGGATCTCTTGGTTCTGGCATCGATGAAGAACGCAGCGAAATGCGATAAGTAATGTGAATTGCAGAATTCAGTGAATCATCGAATCTTTGAACGCACATTGCGCCCCCTGGTATTCCGGGGGGCATGCCTGTTCGAGCGTCATTTCACCACTCAAGCCTCGCTTGSTATTGGGCAACGCGGTCCGCCGCGTGCCTCAAATCGTCCGGCTGGGTCTTCTGTCCCCTAAGCGTTGTGGAAACTATTCGCTAAAGGGTGTTCGGGAGGCTACGCCGTAAAACAACCCCATTTCTAAGGTTGACCTCGGATCAGGTAGGGATACCCGCTGAACTTAAGCA,SOS-022,1,4,d,C,k__Fungi,p__Ascomycota,c__Dothideomycetes,o__Capnodiales,f__Mycosphaerellaceae,g__Mycosphaerella,s__tassiana,sos_assembly1 Contig 5
TCATAACCCTTTGTTGTCCGACTCTGTTGCCTCCGGGGCGACCCTGCCTTCACGGGCGGGGSCTCCGGBTGGACACTTCAAACTCTTGCGTAACTTTGCAGTCTGAGTAAAYTTAATTAATAAATTAAAACTTTYAACAACGGATCTCTTGGTTCTGGCATCGATGAAGAACGCAGCGAAATGCGATAAGTAATGTGAATTGCAGAATTCAGTGAATCATCGAATCTTTGAACGCACATTGCGCCCCCTGGTATTCCGGGGGGCATGCCTGTTCGAGCGTCATTTCACCACTCAAGCCTCGCTTGSTATTGGGCAACGCGGTCCGCCGCGTGCCTCAAATCGTCCGGCTGGGTCTTCTGTCCCCTAAGCGTTGTGGAAACTATTCGCTAAAGGGTGTTCGGGAGGCTACGCCGTAAAACAACCCCATTTCTAAGGTTGACCTCGGATCAGGTAGGGATACCCGCTGAACTTAAGCA,SOS-022,1,4,g,C,k__Fungi,p__Ascomycota,c__Dothideomycetes,o__Capnodiales,f__Mycosphaerellaceae,g__Mycosphaerella,s__tassiana,sos_assembly1 Contig 5
TCATAACCCTTTGTTGTCCGACTCTGTTGCCTCCGGGGCGACCCTGCCTTCACGGGCGGGGSCTCCGGBTGGACACTTCAAACTCTTGCGTAACTTTGCAGTCTGAGTAAAYTTAATTAATAAATTAAAACTTTYAACAACGGATCTCTTGGTTCTGGCATCGATGAAGAACGCAGCGAAATGCGATAAGTAATGTGAATTGCAGAATTCAGTGAATCATCGAATCTTTGAACGCACATTGCGCCCCCTGGTATTCCGGGGGGCATGCCTGTTCGAGCGTCATTTCACCACTCAAGCCTCGCTTGSTATTGGGCAACGCGGTCCGCCGCGTGCCTCAAATCGTCCGGCTGGGTCTTCTGTCCCCTAAGCGTTGTGGAAACTATTCGCTAAAGGGTGTTCGGGAGGCTACGCCGTAAAACAACCCCATTTCTAAGGTTGACCTCGGATCAGGTAGGGATACCCGCTGAACTTAAGCA,SOS-011,1,7,a,A,k__Fungi,p__Ascomycota,c__Dothideomycetes,o__Capnodiales,f__Mycosphaerellaceae,g__Mycosphaerella,s__tassiana,sos_assembly1 Contig 5
TCATAACCCTTTGTTGTCCGACTCTGTTGCCTCCGGGGCGACCCTGCCTTCACGGGCGGGGSCTCCGGBTGGACACTTCAAACTCTTGCGTAACTTTGCAGTCTGAGTAAAYTTAATTAATAAATTAAAACTTTYAACAACGGATCTCTTGGTTCTGGCATCGATGAAGAACGCAGCGAAATGCGATAAGTAATGTGAATTGCAGAATTCAGTGAATCATCGAATCTTTGAACGCACATTGCGCCCCCTGGTATTCCGGGGGGCATGCCTGTTCGAGCGTCATTTCACCACTCAAGCCTCGCTTGSTATTGGGCAACGCGGTCCGCCGCGTGCCTCAAATCGTCCGGCTGGGTCTTCTGTCCCCTAAGCGTTGTGGAAACTATTCGCTAAAGGGTGTTCGGGAGGCTACGCCGTAAAACAACCCCATTTCTAAGGTTGACCTCGGATCAGGTAGGGATACCCGCTGAACTTAAGCA,SOS-022,1,4,e,C,k__Fungi,p__Ascomycota,c__Dothideomycetes,o__Capnodiales,f__Mycosphaerellaceae,g__Mycosphaerella,s__tassiana,sos_assembly1 Contig 5
TCATAACCCTTTGTTGTCCGACTCTGTTGCCTCCGGGGCGACCCTGCCTTCACGGGCGGGGSCTCCGGBTGGACACTTCAAACTCTTGCGTAACTTTGCAGTCTGAGTAAAYTTAATTAATAAATTAAAACTTTYAACAACGGATCTCTTGGTTCTGGCATCGATGAAGAACGCAGCGAAATGCGATAAGTAATGTGAATTGCAGAATTCAGTGAATCATCGAATCTTTGAACGCACATTGCGCCCCCTGGTATTCCGGGGGGCATGCCTGTTCGAGCGTCATTTCACCACTCAAGCCTCGCTTGSTATTGGGCAACGCGGTCCGCCGCGTGCCTCAAATCGTCCGGCTGGGTCTTCTGTCCCCTAAGCGTTGTGGAAACTATTCGCTAAAGGGTGTTCGGGAGGCTACGCCGTAAAACAACCCCATTTCTAAGGTTGACCTCGGATCAGGTAGGGATACCCGCTGAACTTAAGCA,SOS-053,2,6,e,C,k__Fungi,p__Ascomycota,c__Dothideomycetes,o__Capnodiales,f__Mycosphaerellaceae,g__Mycosphaerella,s__tassiana,sos_assembly1 Contig 5
TTGATAGTTTTTATTATCAAAAACCCCTTTGTCTATCATTTACCATGTTGCTTCCATTGGACAGACCGGCATTGTGTATACAAGTTGGTCCTCTAGTTTTGTGTTTCTTTGGGCACTAGCTAGGGAGCTGCCAGTGGATAGAATCCAAATAAAAAAATTCGTGAAGAAATATATTGTCTGAATTATTAGTACAAAACAAATAAAACTTTCAACAACGGATCTCTAGGCTCTTGCATCGATGAAGAACGCAGTGAAATGCGATAAGTAATGTGAATTGCAGAATCTCGTGAATCATCGAATCTTTGAACGCACATTGCGCCCTATGGAATTCTGTAGGGCATGCCTGTCTGAGCGTCAGCAGCAAAAAATCAAGATCTTTGTAGGTAAAGATTTGGATTTGGTTAAGAGATGTAATCTGTGAAGAACCGGTTACTCTTTTGAAATTTAAAGGCAGTATTGATCAATCCA,SOS-017,3,2,e,C,k__Fungi,p__Ascomycota,c__Pezizomycetes,o__Pezizales,f__Pezizaceae,g__Peziza,s__infossa,sos_assembly1 Contig 6
TTGATAGTTTTTATTATCAAAAACCCCTTTGTCTATCATTTACCATGTTGCTTCCATTGGACAGACCGGCATTGTGTATACAAGTTGGTCCTCTAGTTTTGTGTTTCTTTGGGCACTAGCTAGGGAGCTGCCAGTGGATAGAATCCAAATAAAAAAATTCGTGAAGAAATATATTGTCTGAATTATTAGTACAAAACAAATAAAACTTTCAACAACGGATCTCTAGGCTCTTGCATCGATGAAGAACGCAGTGAAATGCGATAAGTAATGTGAATTGCAGAATCTCGTGAATCATCGAATCTTTGAACGCACATTGCGCCCTATGGAATTCTGTAGGGCATGCCTGTCTGAGCGTCAGCAGCAAAAAATCAAGATCTTTGTAGGTAAAGATTTGGATTTGGTTAAGAGATGTAATCTGTGAAGAACCGGTTACTCTTTTGAAATTTAAAGGCAGTATTGATCAATCCA,SOS-017,3,2,a,C,k__Fungi,p__Ascomycota,c__Pezizomycetes,o__Pezizales,f__Pezizaceae,g__Peziza,s__infossa,sos_assembly1 Contig 6
TTGATAGTTTTTATTATCAAAAACCCCTTTGTCTATCATTTACCATGTTGCTTCCATTGGACAGACCGGCATTGTGTATACAAGTTGGTCCTCTAGTTTTGTGTTTCTTTGGGCACTAGCTAGGGAGCTGCCAGTGGATAGAATCCAAATAAAAAAATTCGTGAAGAAATATATTGTCTGAATTATTAGTACAAAACAAATAAAACTTTCAACAACGGATCTCTAGGCTCTTGCATCGATGAAGAACGCAGTGAAATGCGATAAGTAATGTGAATTGCAGAATCTCGTGAATCATCGAATCTTTGAACGCACATTGCGCCCTATGGAATTCTGTAGGGCATGCCTGTCTGAGCGTCAGCAGCAAAAAATCAAGATCTTTGTAGGTAAAGATTTGGATTTGGTTAAGAGATGTAATCTGTGAAGAACCGGTTACTCTTTTGAAATTTAAAGGCAGTATTGATCAATCCA,SOS-019,4,7,b,C,k__Fungi,p__Ascomycota,c__Pezizomycetes,o__Pezizales,f__Pezizaceae,g__Peziza,s__infossa,sos_assembly1 Contig 6
TTGATAGTTTTTATTATCAAAAACCCCTTTGTCTATCATTTACCATGTTGCTTCCATTGGACAGACCGGCATTGTGTATACAAGTTGGTCCTCTAGTTTTGTGTTTCTTTGGGCACTAGCTAGGGAGCTGCCAGTGGATAGAATCCAAATAAAAAAATTCGTGAAGAAATATATTGTCTGAATTATTAGTACAAAACAAATAAAACTTTCAACAACGGATCTCTAGGCTCTTGCATCGATGAAGAACGCAGTGAAATGCGATAAGTAATGTGAATTGCAGAATCTCGTGAATCATCGAATCTTTGAACGCACATTGCGCCCTATGGAATTCTGTAGGGCATGCCTGTCTGAGCGTCAGCAGCAAAAAATCAAGATCTTTGTAGGTAAAGATTTGGATTTGGTTAAGAGATGTAATCTGTGAAGAACCGGTTACTCTTTTGAAATTTAAAGGCAGTATTGATCAATCCA,SOS-019,4,7,c,C,k__Fungi,p__Ascomycota,c__Pezizomycetes,o__Pezizales,f__Pezizaceae,g__Peziza,s__infossa,sos_assembly1 Contig 6
TTGATAGTTTTTATTATCAAAAACCCCTTTGTCTATCATTTACCATGTTGCTTCCATTGGACAGACCGGCATTGTGTATACAAGTTGGTCCTCTAGTTTTGTGTTTCTTTGGGCACTAGCTAGGGAGCTGCCAGTGGATAGAATCCAAATAAAAAAATTCGTGAAGAAATATATTGTCTGAATTATTAGTACAAAACAAATAAAACTTTCAACAACGGATCTCTAGGCTCTTGCATCGATGAAGAACGCAGTGAAATGCGATAAGTAATGTGAATTGCAGAATCTCGTGAATCATCGAATCTTTGAACGCACATTGCGCCCTATGGAATTCTGTAGGGCATGCCTGTCTGAGCGTCAGCAGCAAAAAATCAAGATCTTTGTAGGTAAAGATTTGGATTTGGTTAAGAGATGTAATCTGTGAAGAACCGGTTACTCTTTTGAAATTTAAAGGCAGTATTGATCAATCCA,SOS-017,3,2,g,C,k__Fungi,p__Ascomycota,c__Pezizomycetes,o__Pezizales,f__Pezizaceae,g__Peziza,s__infossa,sos_assembly1 Contig 6
TTGATAGTTTTTATTATCAAAAACCCCTTTGTCTATCATTTACCATGTTGCTTCCATTGGACAGACCGGCATTGTGTATACAAGTTGGTCCTCTAGTTTTGTGTTTCTTTGGGCACTAGCTAGGGAGCTGCCAGTGGATAGAATCCAAATAAAAAAATTCGTGAAGAAATATATTGTCTGAATTATTAGTACAAAACAAATAAAACTTTCAACAACGGATCTCTAGGCTCTTGCATCGATGAAGAACGCAGTGAAATGCGATAAGTAATGTGAATTGCAGAATCTCGTGAATCATCGAATCTTTGAACGCACATTGCGCCCTATGGAATTCTGTAGGGCATGCCTGTCTGAGCGTCAGCAGCAAAAAATCAAGATCTTTGTAGGTAAAGATTTGGATTTGGTTAAGAGATGTAATCTGTGAAGAACCGGTTACTCTTTTGAAATTTAAAGGCAGTATTGATCAATCCA,SOS-017,3,2,f,C,k__Fungi,p__Ascomycota,c__Pezizomycetes,o__Pezizales,f__Pezizaceae,g__Peziza,s__infossa,sos_assembly1 Contig 6
TTGATAGTTTTTATTATCAAAAACCCCTTTGTCTATCATTTACCATGTTGCTTCCATTGGACAGACCGGCATTGTGTATACAAGTTGGTCCTCTAGTTTTGTGTTTCTTTGGGCACTAGCTAGGGAGCTGCCAGTGGATAGAATCCAAATAAAAAAATTCGTGAAGAAATATATTGTCTGAATTATTAGTACAAAACAAATAAAACTTTCAACAACGGATCTCTAGGCTCTTGCATCGATGAAGAACGCAGTGAAATGCGATAAGTAATGTGAATTGCAGAATCTCGTGAATCATCGAATCTTTGAACGCACATTGCGCCCTATGGAATTCTGTAGGGCATGCCTGTCTGAGCGTCAGCAGCAAAAAATCAAGATCTTTGTAGGTAAAGATTTGGATTTGGTTAAGAGATGTAATCTGTGAAGAACCGGTTACTCTTTTGAAATTTAAAGGCAGTATTGATCAATCCA,SOS-017,3,2,c,C,k__Fungi,p__Ascomycota,c__Pezizomycetes,o__Pezizales,f__Pezizaceae,g__Peziza,s__infossa,sos_assembly1 Contig 6
TTGATAGTTTTTATTATCAAAAACCCCTTTGTCTATCATTTACCATGTTGCTTCCATTGGACAGACCGGCATTGTGTATACAAGTTGGTCCTCTAGTTTTGTGTTTCTTTGGGCACTAGCTAGGGAGCTGCCAGTGGATAGAATCCAAATAAAAAAATTCGTGAAGAAATATATTGTCTGAATTATTAGTACAAAACAAATAAAACTTTCAACAACGGATCTCTAGGCTCTTGCATCGATGAAGAACGCAGTGAAATGCGATAAGTAATGTGAATTGCAGAATCTCGTGAATCATCGAATCTTTGAACGCACATTGCGCCCTATGGAATTCTGTAGGGCATGCCTGTCTGAGCGTCAGCAGCAAAAAATCAAGATCTTTGTAGGTAAAGATTTGGATTTGGTTAAGAGATGTAATCTGTGAAGAACCGGTTACTCTTTTGAAATTTAAAGGCAGTATTGATCAATCCA,SOS-017,3,2,b,C,k__Fungi,p__Ascomycota,c__Pezizomycetes,o__Pezizales,f__Pezizaceae,g__Peziza,s__infossa,sos_assembly1 Contig 6
TGACACTTTTGTTGTAACCCTTCTCTGTGTACATATACCTGTTGCTTCCCCCCCGCGKTCAAACCTGGGGGAAGGAATCCACAAACCCTTTGTTTTTCAATGGAGTCTGTCTGAAGAATAAAAATGTGTTTGAACACATTGAAAACCAAAATTAAAACTTTCAACAACGGATCTCTTGGTTCTCCCATCGATGAAGAACGCAGCGAAATGCGATAAGTAGTGTGAATTGCAGAATTCAGTGAATCATCGAATCTTTGAACGCACATTGCGCCCTCTRGKAYTCTGTGGGGCWKGCVTGWTCGAGCGTCRCGWAAMGKASGGCCGTYAGCGCCCG,SOS-018,3,1,d,C,k__Fungi,p__Ascomycota,c__Pezizomycetes,o__Pezizales,f__Pyronemataceae,g__Tarzetta,NA,sos_assembly1 Contig 7
TGACACTTTTGTTGTAACCCTTCTCTGTGTACATATACCTGTTGCTTCCCCCCCGCGKTCAAACCTGGGGGAAGGAATCCACAAACCCTTTGTTTTTCAATGGAGTCTGTCTGAAGAATAAAAATGTGTTTGAACACATTGAAAACCAAAATTAAAACTTTCAACAACGGATCTCTTGGTTCTCCCATCGATGAAGAACGCAGCGAAATGCGATAAGTAGTGTGAATTGCAGAATTCAGTGAATCATCGAATCTTTGAACGCACATTGCGCCCTCTRGKAYTCTGTGGGGCWKGCVTGWTCGAGCGTCRCGWAAMGKASGGCCGTYAGCGCCCG,SOS-018,3,1,c,C,k__Fungi,p__Ascomycota,c__Pezizomycetes,o__Pezizales,f__Pyronemataceae,g__Tarzetta,NA,sos_assembly1 Contig 7
TGACACTTTTGTTGTAACCCTTCTCTGTGTACATATACCTGTTGCTTCCCCCCCGCGKTCAAACCTGGGGGAAGGAATCCACAAACCCTTTGTTTTTCAATGGAGTCTGTCTGAAGAATAAAAATGTGTTTGAACACATTGAAAACCAAAATTAAAACTTTCAACAACGGATCTCTTGGTTCTCCCATCGATGAAGAACGCAGCGAAATGCGATAAGTAGTGTGAATTGCAGAATTCAGTGAATCATCGAATCTTTGAACGCACATTGCGCCCTCTRGKAYTCTGTGGGGCWKGCVTGWTCGAGCGTCRCGWAAMGKASGGCCGTYAGCGCCCG,SOS-047,4,10,a,C,k__Fungi,p__Ascomycota,c__Pezizomycetes,o__Pezizales,f__Pyronemataceae,g__Tarzetta,NA,sos_assembly1 Contig 7
TGACACTTTTGTTGTAACCCTTCTCTGTGTACATATACCTGTTGCTTCCCCCCCGCGKTCAAACCTGGGGGAAGGAATCCACAAACCCTTTGTTTTTCAATGGAGTCTGTCTGAAGAATAAAAATGTGTTTGAACACATTGAAAACCAAAATTAAAACTTTCAACAACGGATCTCTTGGTTCTCCCATCGATGAAGAACGCAGCGAAATGCGATAAGTAGTGTGAATTGCAGAATTCAGTGAATCATCGAATCTTTGAACGCACATTGCGCCCTCTRGKAYTCTGTGGGGCWKGCVTGWTCGAGCGTCRCGWAAMGKASGGCCGTYAGCGCCCG,SOS-047,4,10,c,C,k__Fungi,p__Ascomycota,c__Pezizomycetes,o__Pezizales,f__Pyronemataceae,g__Tarzetta,NA,sos_assembly1 Contig 7
TGACACTTTTGTTGTAACCCTTCTCTGTGTACATATACCTGTTGCTTCCCCCCCGCGKTCAAACCTGGGGGAAGGAATCCACAAACCCTTTGTTTTTCAATGGAGTCTGTCTGAAGAATAAAAATGTGTTTGAACACATTGAAAACCAAAATTAAAACTTTCAACAACGGATCTCTTGGTTCTCCCATCGATGAAGAACGCAGCGAAATGCGATAAGTAGTGTGAATTGCAGAATTCAGTGAATCATCGAATCTTTGAACGCACATTGCGCCCTCTRGKAYTCTGTGGGGCWKGCVTGWTCGAGCGTCRCGWAAMGKASGGCCGTYAGCGCCCG,SOS-029,3,7,d,A,k__Fungi,p__Ascomycota,c__Pezizomycetes,o__Pezizales,f__Pyronemataceae,g__Tarzetta,NA,sos_assembly1 Contig 7
TGACACTTTTGTTGTAACCCTTCTCTGTGTACATATACCTGTTGCTTCCCCCCCGCGKTCAAACCTGGGGGAAGGAATCCACAAACCCTTTGTTTTTCAATGGAGTCTGTCTGAAGAATAAAAATGTGTTTGAACACATTGAAAACCAAAATTAAAACTTTCAACAACGGATCTCTTGGTTCTCCCATCGATGAAGAACGCAGCGAAATGCGATAAGTAGTGTGAATTGCAGAATTCAGTGAATCATCGAATCTTTGAACGCACATTGCGCCCTCTRGKAYTCTGTGGGGCWKGCVTGWTCGAGCGTCRCGWAAMGKASGGCCGTYAGCGCCCG,SOS-044,3,5,e,A,k__Fungi,p__Ascomycota,c__Pezizomycetes,o__Pezizales,f__Pyronemataceae,g__Tarzetta,NA,sos_assembly1 Contig 7
TGACACTTTTGTTGTAACCCTTCTCTGTGTACATATACCTGTTGCTTCCCCCCCGCGKTCAAACCTGGGGGAAGGAATCCACAAACCCTTTGTTTTTCAATGGAGTCTGTCTGAAGAATAAAAATGTGTTTGAACACATTGAAAACCAAAATTAAAACTTTCAACAACGGATCTCTTGGTTCTCCCATCGATGAAGAACGCAGCGAAATGCGATAAGTAGTGTGAATTGCAGAATTCAGTGAATCATCGAATCTTTGAACGCACATTGCGCCCTCTRGKAYTCTGTGGGGCWKGCVTGWTCGAGCGTCRCGWAAMGKASGGCCGTYAGCGCCCG,SOS-038,4,1,e,F,k__Fungi,p__Ascomycota,c__Pezizomycetes,o__Pezizales,f__Pyronemataceae,g__Tarzetta,NA,sos_assembly1 Contig 7
TGACACTTTTGTTGTAACCCTTCTCTGTGTACATATACCTGTTGCTTCCCCCCCGCGKTCAAACCTGGGGGAAGGAATCCACAAACCCTTTGTTTTTCAATGGAGTCTGTCTGAAGAATAAAAATGTGTTTGAACACATTGAAAACCAAAATTAAAACTTTCAACAACGGATCTCTTGGTTCTCCCATCGATGAAGAACGCAGCGAAATGCGATAAGTAGTGTGAATTGCAGAATTCAGTGAATCATCGAATCTTTGAACGCACATTGCGCCCTCTRGKAYTCTGTGGGGCWKGCVTGWTCGAGCGTCRCGWAAMGKASGGCCGTYAGCGCCCG,SOS-047,4,10,d,C,k__Fungi,p__Ascomycota,c__Pezizomycetes,o__Pezizales,f__Pyronemataceae,g__Tarzetta,NA,sos_assembly1 Contig 7
GTGGAAATGCCCCTAATAAGGGCATACTCTATAAAACTCTAAACTTACTGTCTGAGAAGGCCAYGTGCCGTAATCWTTAAAYATTTTAAAACTTTCAACAACGGATCTCTTGGTTCTCGCATCGATGAAGAACGCAGCGAAATGCGATAAGTAATGTGAATTGCAGAATTCAGTGAATCATCGAATCTTTGAACGCACATTGCGCCCTTTGNTATTCCATAGGGCATGCCTGTTCGAGCGTCACTAACAACCYCATCATACAAGAGTGTGGTATTGGCAGAAGTGGGTAGGGCTAGCAGTGCTCGTCCCACTCTGCTGGAATGAATAGGCCGGAAATGCAGACCATGGCAACAGACTTTCAGAGTATTTTGAWATGCTAAATTAGTTTGGAGCTGGTCAGAATCCAGGCTATTGGACCCCCAWTCTGTGTAAAGCAGTAATGTTGACCTCGGATCAGGTA,SOS-053,2,6,d,C,k__Fungi,p__Ascomycota,c__Pezizomycetes,o__Pezizales,f__Tuberaceae,g__Tuber,s__whetstonense,sos_assembly1 Contig 8
GTGGAAATGCCCCTAATAAGGGCATACTCTATAAAACTCTAAACTTACTGTCTGAGAAGGCCAYGTGCCGTAATCWTTAAAYATTTTAAAACTTTCAACAACGGATCTCTTGGTTCTCGCATCGATGAAGAACGCAGCGAAATGCGATAAGTAATGTGAATTGCAGAATTCAGTGAATCATCGAATCTTTGAACGCACATTGCGCCCTTTGNTATTCCATAGGGCATGCCTGTTCGAGCGTCACTAACAACCYCATCATACAAGAGTGTGGTATTGGCAGAAGTGGGTAGGGCTAGCAGTGCTCGTCCCACTCTGCTGGAATGAATAGGCCGGAAATGCAGACCATGGCAACAGACTTTCAGAGTATTTTGAWATGCTAAATTAGTTTGGAGCTGGTCAGAATCCAGGCTATTGGACCCCCAWTCTGTGTAAAGCAGTAATGTTGACCTCGGATCAGGTA,SOS-053,2,6,g,C,k__Fungi,p__Ascomycota,c__Pezizomycetes,o__Pezizales,f__Tuberaceae,g__Tuber,s__whetstonense,sos_assembly1 Contig 8
GTGGAAATGCCCCTAATAAGGGCATACTCTATAAAACTCTAAACTTACTGTCTGAGAAGGCCAYGTGCCGTAATCWTTAAAYATTTTAAAACTTTCAACAACGGATCTCTTGGTTCTCGCATCGATGAAGAACGCAGCGAAATGCGATAAGTAATGTGAATTGCAGAATTCAGTGAATCATCGAATCTTTGAACGCACATTGCGCCCTTTGNTATTCCATAGGGCATGCCTGTTCGAGCGTCACTAACAACCYCATCATACAAGAGTGTGGTATTGGCAGAAGTGGGTAGGGCTAGCAGTGCTCGTCCCACTCTGCTGGAATGAATAGGCCGGAAATGCAGACCATGGCAACAGACTTTCAGAGTATTTTGAWATGCTAAATTAGTTTGGAGCTGGTCAGAATCCAGGCTATTGGACCCCCAWTCTGTGTAAAGCAGTAATGTTGACCTCGGATCAGGTA,SOS-055,2,11,d,C,k__Fungi,p__Ascomycota,c__Pezizomycetes,o__Pezizales,f__Tuberaceae,g__Tuber,s__whetstonense,sos_assembly1 Contig 8
GTGGAAATGCCCCTAATAAGGGCATACTCTATAAAACTCTAAACTTACTGTCTGAGAAGGCCAYGTGCCGTAATCWTTAAAYATTTTAAAACTTTCAACAACGGATCTCTTGGTTCTCGCATCGATGAAGAACGCAGCGAAATGCGATAAGTAATGTGAATTGCAGAATTCAGTGAATCATCGAATCTTTGAACGCACATTGCGCCCTTTGNTATTCCATAGGGCATGCCTGTTCGAGCGTCACTAACAACCYCATCATACAAGAGTGTGGTATTGGCAGAAGTGGGTAGGGCTAGCAGTGCTCGTCCCACTCTGCTGGAATGAATAGGCCGGAAATGCAGACCATGGCAACAGACTTTCAGAGTATTTTGAWATGCTAAATTAGTTTGGAGCTGGTCAGAATCCAGGCTATTGGACCCCCAWTCTGTGTAAAGCAGTAATGTTGACCTCGGATCAGGTA,SOS-055,2,11,c,C,k__Fungi,p__Ascomycota,c__Pezizomycetes,o__Pezizales,f__Tuberaceae,g__Tuber,s__whetstonense,sos_assembly1 Contig 8
GTGGAAATGCCCCTAATAAGGGCATACTCTATAAAACTCTAAACTTACTGTCTGAGAAGGCCAYGTGCCGTAATCWTTAAAYATTTTAAAACTTTCAACAACGGATCTCTTGGTTCTCGCATCGATGAAGAACGCAGCGAAATGCGATAAGTAATGTGAATTGCAGAATTCAGTGAATCATCGAATCTTTGAACGCACATTGCGCCCTTTGNTATTCCATAGGGCATGCCTGTTCGAGCGTCACTAACAACCYCATCATACAAGAGTGTGGTATTGGCAGAAGTGGGTAGGGCTAGCAGTGCTCGTCCCACTCTGCTGGAATGAATAGGCCGGAAATGCAGACCATGGCAACAGACTTTCAGAGTATTTTGAWATGCTAAATTAGTTTGGAGCTGGTCAGAATCCAGGCTATTGGACCCCCAWTCTGTGTAAAGCAGTAATGTTGACCTCGGATCAGGTA,SOS-053,2,6,c,C,k__Fungi,p__Ascomycota,c__Pezizomycetes,o__Pezizales,f__Tuberaceae,g__Tuber,s__whetstonense,sos_assembly1 Contig 8
GTGGAAATGCCCCTAATAAGGGCATACTCTATAAAACTCTAAACTTACTGTCTGAGAAGGCCAYGTGCCGTAATCWTTAAAYATTTTAAAACTTTCAACAACGGATCTCTTGGTTCTCGCATCGATGAAGAACGCAGCGAAATGCGATAAGTAATGTGAATTGCAGAATTCAGTGAATCATCGAATCTTTGAACGCACATTGCGCCCTTTGNTATTCCATAGGGCATGCCTGTTCGAGCGTCACTAACAACCYCATCATACAAGAGTGTGGTATTGGCAGAAGTGGGTAGGGCTAGCAGTGCTCGTCCCACTCTGCTGGAATGAATAGGCCGGAAATGCAGACCATGGCAACAGACTTTCAGAGTATTTTGAWATGCTAAATTAGTTTGGAGCTGGTCAGAATCCAGGCTATTGGACCCCCAWTCTGTGTAAAGCAGTAATGTTGACCTCGGATCAGGTA,SOS-055,2,11,b,C,k__Fungi,p__Ascomycota,c__Pezizomycetes,o__Pezizales,f__Tuberaceae,g__Tuber,s__whetstonense,sos_assembly1 Contig 8
AACTTGTTGGTTGCTGCTGCTCTCAGGAGCATGTGCACGCTCATTCCATTTTTTAAACCACCYKGKGMACACAYKGWARMCYWAAKKGAWTTTTTYSGGGAAAMYYSGGTTKGRGRMYKGYKGYAAAAWYMRSYKGTYYTKGWAWTTK,SOS-055,2,12,d,F,k__Fungi,p__Basidiomycota,c__Agaricomycetes,o__Agaricales,f__Entolomataceae,g__Entoloma,NA,sos_assembly1 Contig 9
AACTTGTTGGTTGCTGCTGCTCTCAGGAGCATGTGCACGCTCATTCCATTTTTTAAACCACCYKGKGMACACAYKGWARMCYWAAKKGAWTTTTTYSGGGAAAMYYSGGTTKGRGRMYKGYKGYAAAAWYMRSYKGTYYTKGWAWTTK,SOS-055,2,12,f,F,k__Fungi,p__Basidiomycota,c__Agaricomycetes,o__Agaricales,f__Entolomataceae,g__Entoloma,NA,sos_assembly1 Contig 9
AACTTGTTGGTTGCTGCTGCTCTCAGGAGCATGTGCACGCTCATTCCATTTTTTAAACCACCYKGKGMACACAYKGWARMCYWAAKKGAWTTTTTYSGGGAAAMYYSGGTTKGRGRMYKGYKGYAAAAWYMRSYKGTYYTKGWAWTTK,SOS-055,2,12,a,F,k__Fungi,p__Basidiomycota,c__Agaricomycetes,o__Agaricales,f__Entolomataceae,g__Entoloma,NA,sos_assembly1 Contig 9
AACTTGTTGGTTGCTGCTGCTCTCAGGAGCATGTGCACGCTCATTCCATTTTTTAAACCACCYKGKGMACACAYKGWARMCYWAAKKGAWTTTTTYSGGGAAAMYYSGGTTKGRGRMYKGYKGYAAAAWYMRSYKGTYYTKGWAWTTK,SOS-055,2,11,g,F,k__Fungi,p__Basidiomycota,c__Agaricomycetes,o__Agaricales,f__Entolomataceae,g__Entoloma,NA,sos_assembly1 Contig 9
AACTTGTTGGTTGCTGCTGCTCTCAGGAGCATGTGCACGCTCATTCCATTTTTTAAACCACCYKGKGMACACAYKGWARMCYWAAKKGAWTTTTTYSGGGAAAMYYSGGTTKGRGRMYKGYKGYAAAAWYMRSYKGTYYTKGWAWTTK,SOS-055,2,12,h,F,k__Fungi,p__Basidiomycota,c__Agaricomycetes,o__Agaricales,f__Entolomataceae,g__Entoloma,NA,sos_assembly1 Contig 9
AACTTGTTGGTTGCTGCTGCTCTCAGGAGCATGTGCACGCTCATTCCATTTTTTAAACCACCYKGKGMACACAYKGWARMCYWAAKKGAWTTTTTYSGGGAAAMYYSGGTTKGRGRMYKGYKGYAAAAWYMRSYKGTYYTKGWAWTTK,SOS-055,2,11,e,F,k__Fungi,p__Basidiomycota,c__Agaricomycetes,o__Agaricales,f__Entolomataceae,g__Entoloma,NA,sos_assembly1 Contig 9
CAAGCGAGAGAGATGTTGGGGTAGATCGTAGGGATTGTTGCTGGCCTTTGGAAACGAAGGCATGTGCACGTTCCGAGTTCTCCTTTTAGTCCTCGTGAGTCGTTCCTTTGGAAAACCTTTATTTCACACCTGTGCACGTATTGTAGGTCCCGAGAGGGATCTATGTCTTTTATCAACCCCAAACGTATGTCTAGAATGTCATTACTACGTCGACCGGCCTGGCTAACGCCTCGTTGGCGACGGTAAAGAATCAATACAACTTTCAGCAACGGATCTCTTGGCTCTCGCATCGATGAAGAACGCAGCGAATTGCGATACGTAATGTGAATTGCAGATTTTCAGTGAATCATCGAATCTTTGAACGCACCTTGCGCTCCTTGGTATTCCGAGGAGCATGCCTGTTTGAGTGTCATTGAATTCTCAACCACCCTTTGATTGATTTCGAGGGGTTGGCTTGGATTTTGGGAGTTGCTGGCTGACCTTTCGGGGACGGTCGGCTCTCCTTAAAAGCATTAGTGAAAGGTGACAAGCCCTGCATGGACGGCCTTCGACGTGATAATGATCGTCGTGGCTGGNGTGTGAGGCGTAGATCGACCCTTTGCTTCTAAACAAATCGTACTAGGGGGACTCTGCTGCTTTG,SOS-004,2,2,d,F,k__Fungi,p__Basidiomycota,c__Agaricomycetes,o__Boletales,f__Melanogastraceae,g__Melanogaster,NA,sos_assembly1 Contig 10
CAAGCGAGAGAGATGTTGGGGTAGATCGTAGGGATTGTTGCTGGCCTTTGGAAACGAAGGCATGTGCACGTTCCGAGTTCTCCTTTTAGTCCTCGTGAGTCGTTCCTTTGGAAAACCTTTATTTCACACCTGTGCACGTATTGTAGGTCCCGAGAGGGATCTATGTCTTTTATCAACCCCAAACGTATGTCTAGAATGTCATTACTACGTCGACCGGCCTGGCTAACGCCTCGTTGGCGACGGTAAAGAATCAATACAACTTTCAGCAACGGATCTCTTGGCTCTCGCATCGATGAAGAACGCAGCGAATTGCGATACGTAATGTGAATTGCAGATTTTCAGTGAATCATCGAATCTTTGAACGCACCTTGCGCTCCTTGGTATTCCGAGGAGCATGCCTGTTTGAGTGTCATTGAATTCTCAACCACCCTTTGATTGATTTCGAGGGGTTGGCTTGGATTTTGGGAGTTGCTGGCTGACCTTTCGGGGACGGTCGGCTCTCCTTAAAAGCATTAGTGAAAGGTGACAAGCCCTGCATGGACGGCCTTCGACGTGATAATGATCGTCGTGGCTGGNGTGTGAGGCGTAGATCGACCCTTTGCTTCTAAACAAATCGTACTAGGGGGACTCTGCTGCTTTG,SOS-004,2,2,b,F,k__Fungi,p__Basidiomycota,c__Agaricomycetes,o__Boletales,f__Melanogastraceae,g__Melanogaster,NA,sos_assembly1 Contig 10
CAAGCGAGAGAGATGTTGGGGTAGATCGTAGGGATTGTTGCTGGCCTTTGGAAACGAAGGCATGTGCACGTTCCGAGTTCTCCTTTTAGTCCTCGTGAGTCGTTCCTTTGGAAAACCTTTATTTCACACCTGTGCACGTATTGTAGGTCCCGAGAGGGATCTATGTCTTTTATCAACCCCAAACGTATGTCTAGAATGTCATTACTACGTCGACCGGCCTGGCTAACGCCTCGTTGGCGACGGTAAAGAATCAATACAACTTTCAGCAACGGATCTCTTGGCTCTCGCATCGATGAAGAACGCAGCGAATTGCGATACGTAATGTGAATTGCAGATTTTCAGTGAATCATCGAATCTTTGAACGCACCTTGCGCTCCTTGGTATTCCGAGGAGCATGCCTGTTTGAGTGTCATTGAATTCTCAACCACCCTTTGATTGATTTCGAGGGGTTGGCTTGGATTTTGGGAGTTGCTGGCTGACCTTTCGGGGACGGTCGGCTCTCCTTAAAAGCATTAGTGAAAGGTGACAAGCCCTGCATGGACGGCCTTCGACGTGATAATGATCGTCGTGGCTGGNGTGTGAGGCGTAGATCGACCCTTTGCTTCTAAACAAATCGTACTAGGGGGACTCTGCTGCTTTG,SOS-004,2,2,e,F,k__Fungi,p__Basidiomycota,c__Agaricomycetes,o__Boletales,f__Melanogastraceae,g__Melanogaster,NA,sos_assembly1 Contig 10
CAAGCGAGAGAGATGTTGGGGTAGATCGTAGGGATTGTTGCTGGCCTTTGGAAACGAAGGCATGTGCACGTTCCGAGTTCTCCTTTTAGTCCTCGTGAGTCGTTCCTTTGGAAAACCTTTATTTCACACCTGTGCACGTATTGTAGGTCCCGAGAGGGATCTATGTCTTTTATCAACCCCAAACGTATGTCTAGAATGTCATTACTACGTCGACCGGCCTGGCTAACGCCTCGTTGGCGACGGTAAAGAATCAATACAACTTTCAGCAACGGATCTCTTGGCTCTCGCATCGATGAAGAACGCAGCGAATTGCGATACGTAATGTGAATTGCAGATTTTCAGTGAATCATCGAATCTTTGAACGCACCTTGCGCTCCTTGGTATTCCGAGGAGCATGCCTGTTTGAGTGTCATTGAATTCTCAACCACCCTTTGATTGATTTCGAGGGGTTGGCTTGGATTTTGGGAGTTGCTGGCTGACCTTTCGGGGACGGTCGGCTCTCCTTAAAAGCATTAGTGAAAGGTGACAAGCCCTGCATGGACGGCCTTCGACGTGATAATGATCGTCGTGGCTGGNGTGTGAGGCGTAGATCGACCCTTTGCTTCTAAACAAATCGTACTAGGGGGACTCTGCTGCTTTG,SOS-004,2,3,d,G,k__Fungi,p__Basidiomycota,c__Agaricomycetes,o__Boletales,f__Melanogastraceae,g__Melanogaster,NA,sos_assembly1 Contig 10
CAAGCGAGAGAGATGTTGGGGTAGATCGTAGGGATTGTTGCTGGCCTTTGGAAACGAAGGCATGTGCACGTTCCGAGTTCTCCTTTTAGTCCTCGTGAGTCGTTCCTTTGGAAAACCTTTATTTCACACCTGTGCACGTATTGTAGGTCCCGAGAGGGATCTATGTCTTTTATCAACCCCAAACGTATGTCTAGAATGTCATTACTACGTCGACCGGCCTGGCTAACGCCTCGTTGGCGACGGTAAAGAATCAATACAACTTTCAGCAACGGATCTCTTGGCTCTCGCATCGATGAAGAACGCAGCGAATTGCGATACGTAATGTGAATTGCAGATTTTCAGTGAATCATCGAATCTTTGAACGCACCTTGCGCTCCTTGGTATTCCGAGGAGCATGCCTGTTTGAGTGTCATTGAATTCTCAACCACCCTTTGATTGATTTCGAGGGGTTGGCTTGGATTTTGGGAGTTGCTGGCTGACCTTTCGGGGACGGTCGGCTCTCCTTAAAAGCATTAGTGAAAGGTGACAAGCCCTGCATGGACGGCCTTCGACGTGATAATGATCGTCGTGGCTGGNGTGTGAGGCGTAGATCGACCCTTTGCTTCTAAACAAATCGTACTAGGGGGACTCTGCTGCTTTG,SOS-004,2,3,h,F,k__Fungi,p__Basidiomycota,c__Agaricomycetes,o__Boletales,f__Melanogastraceae,g__Melanogaster,NA,sos_assembly1 Contig 10
AAYTTGGTGGTTGCTGCTGGCCCTCAGGCGCATGTGCACGCTCAACTGATTTTAACCACCTGTGCACACACTGTAGGCCTGAATGAACTTTTGTCGAGGAAACTCGGTTTGAGAACTGCTGGTGAAAACGTCAGCTGTTCTTGCGTTCCAGGTCTATGTTTTTAACACACTCCATAACAAGTAATAGAATGTTAATCATTGNCCTTCTGTGCCTTTTAAACCTAATACAACTTTCAACAACGGATCTCTTGCTCTCGCATCGATGAAGAACGCAGCGAAATGCGATAAGTAATGTGAATTGCAGAATTCAGTGAATCATCGAATCTTTGAACGCACCTTGCGCTCCTTG,SOS-035,3,3,h,F,k__Fungi,p__Basidiomycota,c__Agaricomycetes,o__Agaricales,f__Entolomataceae,g__Entoloma,NA,sos_assembly1 Contig 11
AAYTTGGTGGTTGCTGCTGGCCCTCAGGCGCATGTGCACGCTCAACTGATTTTAACCACCTGTGCACACACTGTAGGCCTGAATGAACTTTTGTCGAGGAAACTCGGTTTGAGAACTGCTGGTGAAAACGTCAGCTGTTCTTGCGTTCCAGGTCTATGTTTTTAACACACTCCATAACAAGTAATAGAATGTTAATCATTGNCCTTCTGTGCCTTTTAAACCTAATACAACTTTCAACAACGGATCTCTTGCTCTCGCATCGATGAAGAACGCAGCGAAATGCGATAAGTAATGTGAATTGCAGAATTCAGTGAATCATCGAATCTTTGAACGCACCTTGCGCTCCTTG,SOS-035,3,3,d,F,k__Fungi,p__Basidiomycota,c__Agaricomycetes,o__Agaricales,f__Entolomataceae,g__Entoloma,NA,sos_assembly1 Contig 11
AAYTTGGTGGTTGCTGCTGGCCCTCAGGCGCATGTGCACGCTCAACTGATTTTAACCACCTGTGCACACACTGTAGGCCTGAATGAACTTTTGTCGAGGAAACTCGGTTTGAGAACTGCTGGTGAAAACGTCAGCTGTTCTTGCGTTCCAGGTCTATGTTTTTAACACACTCCATAACAAGTAATAGAATGTTAATCATTGNCCTTCTGTGCCTTTTAAACCTAATACAACTTTCAACAACGGATCTCTTGCTCTCGCATCGATGAAGAACGCAGCGAAATGCGATAAGTAATGTGAATTGCAGAATTCAGTGAATCATCGAATCTTTGAACGCACCTTGCGCTCCTTG,SOS-035,3,3,b,F,k__Fungi,p__Basidiomycota,c__Agaricomycetes,o__Agaricales,f__Entolomataceae,g__Entoloma,NA,sos_assembly1 Contig 11
AAYTTGGTGGTTGCTGCTGGCCCTCAGGCGCATGTGCACGCTCAACTGATTTTAACCACCTGTGCACACACTGTAGGCCTGAATGAACTTTTGTCGAGGAAACTCGGTTTGAGAACTGCTGGTGAAAACGTCAGCTGTTCTTGCGTTCCAGGTCTATGTTTTTAACACACTCCATAACAAGTAATAGAATGTTAATCATTGNCCTTCTGTGCCTTTTAAACCTAATACAACTTTCAACAACGGATCTCTTGCTCTCGCATCGATGAAGAACGCAGCGAAATGCGATAAGTAATGTGAATTGCAGAATTCAGTGAATCATCGAATCTTTGAACGCACCTTGCGCTCCTTG,SOS-035,3,3,c,F,k__Fungi,p__Basidiomycota,c__Agaricomycetes,o__Agaricales,f__Entolomataceae,g__Entoloma,NA,sos_assembly1 Contig 11
NNNNNNNNNNNNNNNNNNNNNNNCNNNNNNWCATTACAGAKTGNCMMARCTCCCAMSCCTTTGTKAACGCATCCAGYAKTGCKTCGYGSWAGGGCTCCAGSGKGGCSCGCCGANGNNMMNACTCKTGTNTTTTTGCWCTCTGNNAKCWTATARAANNNTTATACTTTMAWYAACNNWNTCTTGTTCTGYAKNANGANNYGCAGGANRYGKNARNNTGNGNTTGCAGAWNAGNGATNWNNNNMTTGRSSWANNNGNNGNWKWTCNGYYGNNNSCKGWNRSNYRTTYSNYWNNWNNTNNTNNTTTNNAACTGNTKNWYWGASNNYWAAWMTTGGGNTTTRAAMACGCGGNCAKARWTMTNNTCNTKTGNKKANAGNNCGGNGTKACCCNCTWNNNTAANWNCNNNNWCAGTRGAYACCGNGANNANATWSWANNNRNNAN,SOS-020,3,11,e,A,k__Fungi,p__Ascomycota,NA,NA,NA,NA,NA,sos_assembly1 Contig 12
NNNNNNNNNNNNNNNNNNNNNNNCNNNNNNWCATTACAGAKTGNCMMARCTCCCAMSCCTTTGTKAACGCATCCAGYAKTGCKTCGYGSWAGGGCTCCAGSGKGGCSCGCCGANGNNMMNACTCKTGTNTTTTTGCWCTCTGNNAKCWTATARAANNNTTATACTTTMAWYAACNNWNTCTTGTTCTGYAKNANGANNYGCAGGANRYGKNARNNTGNGNTTGCAGAWNAGNGATNWNNNNMTTGRSSWANNNGNNGNWKWTCNGYYGNNNSCKGWNRSNYRTTYSNYWNNWNNTNNTNNTTTNNAACTGNTKNWYWGASNNYWAAWMTTGGGNTTTRAAMACGCGGNCAKARWTMTNNTCNTKTGNKKANAGNNCGGNGTKACCCNCTWNNNTAANWNCNNNNWCAGTRGAYACCGNGANNANATWSWANNNRNNAN,SOS-051,3,8,h,C,k__Fungi,p__Ascomycota,NA,NA,NA,NA,NA,sos_assembly1 Contig 12
CGTACAACTGAGGTGCGAGGGCTGTCGCTGACCTTCAAAGGTTGTGCACGCTCAAGCACTCTCTTACATCCATCTCACCTTTGTGCATCACCGCGTGGGTCCCCTTTGCAAAGGAGGGCTTGCGTTTTCACATAAAACTTGATACAGTGTAGAATGTTTTATTTGCGGTCACACGCAATCAATACAACTTTCAACAACGGATCTCTTGGCTCTCGCATCGATGAAGAACGCAGCGAAATGCGATACGTAATGTGAATTGCAGAATTCAGTGAATCATCGAATCTTTGAACGCACCTTGCGCCCCTTGGCATTCCGAGGGGCACACCCGTTTGAGTGTCGTGAAATCATCAAAAACCTTTCTCTTTGATCGTCTTTGGTTGGGAGAAGGATGTT,SOS-035,3,3,a,C,k__Fungi,p__Basidiomycota,c__Agaricomycetes,o__Russulales,f__Russulaceae,g__Russula,s__quercilicis,sos_assembly1 Contig 13
CGTACAACTGAGGTGCGAGGGCTGTCGCTGACCTTCAAAGGTTGTGCACGCTCAAGCACTCTCTTACATCCATCTCACCTTTGTGCATCACCGCGTGGGTCCCCTTTGCAAAGGAGGGCTTGCGTTTTCACATAAAACTTGATACAGTGTAGAATGTTTTATTTGCGGTCACACGCAATCAATACAACTTTCAACAACGGATCTCTTGGCTCTCGCATCGATGAAGAACGCAGCGAAATGCGATACGTAATGTGAATTGCAGAATTCAGTGAATCATCGAATCTTTGAACGCACCTTGCGCCCCTTGGCATTCCGAGGGGCACACCCGTTTGAGTGTCGTGAAATCATCAAAAACCTTTCTCTTTGATCGTCTTTGGTTGGGAGAAGGATGTT,SOS-038,4,1,g,C,k__Fungi,p__Basidiomycota,c__Agaricomycetes,o__Russulales,f__Russulaceae,g__Russula,s__quercilicis,sos_assembly1 Contig 13
NNNGNNNNNNNNNANNNNGNNNNNNNCGNNNNWCATTACAGAKTGGCKCGVTCCCMMGCCTTTGTGAACGCMTCCAGTAKKGKTCGCGSTRKGCTCNNNCKGCCCGCTSMRNCKACWNCTCKTGNTTTWTGCANCTCTGAGYWNMNTARMAKAMTKTAWAACTTTMAWYAACRRTCWCTWKTTCWSANWSGATKMMKRCKNGCGNWWGYGWAAWARRKGNTTGCAGANWCAGKGNKCATCSNTCTTTRKCGCAYATGCRNCNYRWAKTMTKTGGGCCYGCCKGWWCSASGTCRTTTSRAYCRTCARGCCGCTGTTYGYKTTSAACCCTGCKTSKATYGCASSWCCCAAAWSAGKSGSSNCTTGYAMRCACGCYGAGYSYNTMGTTTACTCWTCKCTSTGNNNNTAKAGTACCGGYGYGMRCCCCCCTANATTNTAAACWGCCCTMKTTCTANTAGGANYACSCGYWRAAWTAANANNNCNANNNNNNNNAANAAAN,SOS-038,4,1,d,F,k__Fungi,p__Ascomycota,NA,NA,NA,NA,NA,sos_assembly1 Contig 14
CNNNNNNNNNNNNNNNNNNNNNNNANNGTCATTACAGNNNNNCCSYCCCAMSCCTTTGTKRNSNTCCMGYWKKGGTCGNGNTANKGCNCNNNNSGCCCGCNGARNSKACARACTCTTGTTTTTTTGCATCTCTGAGYAKCTTATARAAKAATGAAAAACTTTCAAYAACRRATCWCTTKTTCTGMMTSGNTKMNKRCGCWGGAWWGSAWAAKRKGYGATWSMGAAWSRNGAKCWTGATMTTTGRMGCWATGCNNCKYRWRYMTKTGGNTSTKGWCSNSGNNTYRANRTCNNSNNGTTTRYWTTAACCCTTGGTSGTATTGNCSMCCCAAAMKSAGSGSGGCTTTARWMRRCCCGCCGGGCKCWTTMGTTTMCTCTTCKCTSKGGRRGTAKMGSTACCGGCYGYGMRCCCCCCTAYRTTSWAARYAGCCCTAKTTTTAAKTAAGCAYACSCGCTGANWKANNATMYNNWAAANTAAARANATNN,SOS-038,4,2,f,C,k__Fungi,p__Ascomycota,NA,NA,NA,NA,NA,sos_assembly1 Contig 15
