Name,Created Date,Description,Modified,Sequence,Sequence List Name,Topology,URN
sos_assembly1 Contig 1,,22 reads from 166 documents assembled using Geneious,Wed Jun 01 10:06:25 PDT 2022,ACAGAGTGCAAAACTCCCTAAACCATTGTGAACGTTACCTACACCGTTGCTTCGCYCACCRRCCCACTGTGWWMMYMCCYACGYKGCTTYGGCGGCCACCKYCGGCSCCCGCCGGAGYCAACAMACTCTTGTKTTKTTGCATCTCTGAGTAKMKTATARAATAAKNNNAAAACTTTCAACAACGRATCTCTTGKYTCTGCATCGATGAAGAACGCAGCGAAATGCGAWAAGTAATGTGAATTGCAGAATTCAGTGAATCATCGAATCTTTGAACGCACATTGCGCCCGCTAGWATTCTGKCGGRCATGCCTGTYCGAGCGTCATTTCAACCMTYMAGSCCCYSSTTCYKGKGGTGRCCCTGYKGGCGRTCGCAGCSTCCCNAAAATSAKNGGCGCTTTTGMRAAWCACSCCCGGAGCGCAGTMGWTSAC,sos_assembly1 Consensus Sequences,linear,
sos_assembly1 Contig 2,,18 reads from 166 documents assembled using Geneious,Wed Jun 01 10:06:26 PDT 2022,CACATATATGGGACACTAATGTGGTCCCTTGACTAAAACCCTCTCCGCGTACCAATCTATGTTGCTTTCCTAGGTGGTTGGTTTCAGCTGCCGTCCAACATTGCCTGCTAGCTCAGTCAATCCGAGTTGTTAACTTGGAGTTTGATCTTTTTTTACTGATGGGTTAAGCTTTAATGGGTCAGCGAGCTTAATTTATATCTATCAGGATCAGCTATGTAGGCCCCTGGKAAAGGTCCATCGCAAGTGARTATTTCAATCAGCTGTCTGAGTCGGCCTAGTGCCTTATTCTTTRAACAAGTTAAAACTTTCAACAACGGATCTCTTGGCTCTCGCATCGATGAAGAACGCAGCGAAATGCGATAAGTAATGTGAATTGCAGAATTCAGTGAATCATCGAATCTTTGAACGCACATTGCGCCCCTTGGTATTCCTTGGGGCATGCCTGTTCGAGCGTCACTACAAACCCGCTCATAAATGTTATGGTATTGATGGAAGTGAACTGTTGCAACTAAAGTGTGTGRATCACCCCATCGAAATACATAGGCAGGACAACRAACCTCTGTAGCTGACTTAGTAACTGTTTTCAAGACACAAACCAGTCACTTGCTAGGTTCTAGCCTGGCTCCTTAGACCTCCATTCAAGATAA,sos_assembly1 Consensus Sequences,linear,
sos_assembly1 Contig 3,,14 reads from 166 documents assembled using Geneious,Wed Jun 01 10:06:26 PDT 2022,CATTACACAAGTATGCAAGCCCAGGACTACCGCCCTCTCNNNNANNNGNCGGTAGCCGCTAGGATGGGGGTGGTGGCCTGGGATCCATCTTCACCCATGTCTTTTTGCGTACTACCTGTTTCCTTGGCGAGCGMGCTCGCCAATTGGACCACCAATTAAACCTTTTTGTAATTGCAATCAGCGTCAGATAACACAAATGTAATAAATTACAACTTTCAACAACGGATCTCTTGGTTCTGGCATCGATGAAGAACGCAGCGAAATGCGATAAGTAGTGTGAATTGCAGAATTCAGTGAATCATCGAATCTTTGAACGCACATTGCGCCCTTTGGTATTCCAAAGGGCATGCCTGTTCGAGCGTCATTTGTACCCTCAAGCTTTTGCTTGGTGTTGGGCGTTTTTGTCGTGGGTCTGCCCACGACTCGCCTTAAAATCATTGGCAGCCGGCCTACTGGTTTCGGAGCGCAGCACATTTTTGCGCTCAGTCCAGCAGCGGTCACGCGTCCACGAAGCGAA,sos_assembly1 Consensus Sequences,linear,
sos_assembly1 Contig 4,,10 reads from 166 documents assembled using Geneious,Wed Jun 01 10:06:27 PDT 2022,CATTACACAAGTATGCAAGCCCAGGACTACCGCCCTCTCAGCGGTAGCCGTTAGGATGGGGGTGGTGGCCTGGGATCCATCTTCACCCATGTCTTTTTGCGTACTACCTGTTTCCTTGGCGAGCGAGCTCGCCAATTGGACCACCAATTAAACCTTTTTGTAATTGCAATCAGCGTCAGATAACACAAATGTAATAAATTACAACTTTCAACAACGGATCTCTTGGTTCTGGCATCGATGAAGAACGCAGCGAAATGCGATAAGTAGTGTGAATTGCAGAATTCAGTGAATCATCGAATCTTTGAACGCACATTGCGCCCTTTGGTATTCCAAAGGGCATGCCTGTTCGAGCGTCATTTGTACCCTCAAGCTTTTGCTTGGTGTTGGGCGTTTTTGTCGTGGGTCTGCCCACGACTCGCCTTAAAATCATTGGCAGCCGGCCTACTGGTTTCGGAGCGCAGCACATTTTTGCGCTCAGTCCAGCAGCGGTCACGCGTCCACGAAGCGAA,sos_assembly1 Consensus Sequences,linear,
sos_assembly1 Contig 5,,9 reads from 166 documents assembled using Geneious,Wed Jun 01 10:06:27 PDT 2022,TCATAACCCTTTGTTGTCCGACTCTGTTGCCTCCGGGGCGACCCTGCCTTCACGGGCGGGGSCTCCGGBTGGACACTTCAAACTCTTGCGTAACTTTGCAGTCTGAGTAAAYTTAATTAATAAATTAAAACTTTYAACAACGGATCTCTTGGTTCTGGCATCGATGAAGAACGCAGCGAAATGCGATAAGTAATGTGAATTGCAGAATTCAGTGAATCATCGAATCTTTGAACGCACATTGCGCCCCCTGGTATTCCGGGGGGCATGCCTGTTCGAGCGTCATTTCACCACTCAAGCCTCGCTTGSTATTGGGCAACGCGGTCCGCCGCGTGCCTCAAATCGTCCGGCTGGGTCTTCTGTCCCCTAAGCGTTGTGGAAACTATTCGCTAAAGGGTGTTCGGGAGGCTACGCCGTAAAACAACCCCATTTCTAAGGTTGACCTCGGATCAGGTAGGGATACCCGCTGAACTTAAGCA,sos_assembly1 Consensus Sequences,linear,
sos_assembly1 Contig 6,,9 reads from 166 documents assembled using Geneious,Wed Jun 01 10:06:27 PDT 2022,TTGATAGTTTTTATTATCAAAAACCCCTTTGTCTATCATTTACCATGTTGCTTCCATTGGACAGACCGGCATTGTGTATACAAGTTGGTCCTCTAGTTTTGTGTTTCTTTGGGCACTAGCTAGGGAGCTGCCAGTGGATAGAATCCAAATAAAAAAATTCGTGAAGAAATATATTGTCTGAATTATTAGTACAAAACAAATAAAACTTTCAACAACGGATCTCTAGGCTCTTGCATCGATGAAGAACGCAGTGAAATGCGATAAGTAATGTGAATTGCAGAATCTCGTGAATCATCGAATCTTTGAACGCACATTGCGCCCTATGGAATTCTGTAGGGCATGCCTGTCTGAGCGTCAGCAGCAAAAAATCAAGATCTTTGTAGGTAAAGATTTGGATTTGGTTAAGAGATGTAATCTGTGAAGAACCGGTTACTCTTTTGAAATTTAAAGGCAGTATTGATCAATCCA,sos_assembly1 Consensus Sequences,linear,
sos_assembly1 Contig 7,,9 reads from 166 documents assembled using Geneious,Wed Jun 01 10:06:28 PDT 2022,TGACACTTTTGTTGTAACCCTTCTCTGTGTACATATACCTGTTGCTTCCCCCCCGCGKTCAAACCTGGGGGAAGGAATCCACAAACCCTTTGTTTTTCAATGGAGTCTGTCTGAAGAATAAAAATGTGTTTGAACACATTGAAAACCAAAATTAAAACTTTCAACAACGGATCTCTTGGTTCTCCCATCGATGAAGAACGCAGCGAAATGCGATAAGTAGTGTGAATTGCAGAATTCAGTGAATCATCGAATCTTTGAACGCACATTGCGCCCTCTRGKAYTCTGTGGGGCWKGCVTGWTCGAGCGTCRCGWAAMGKASGGCCGTYAGCGCCCG,sos_assembly1 Consensus Sequences,linear,
sos_assembly1 Contig 8,Wed Jun 01 10:06:28 PDT 2022,7 reads from 166 documents assembled using Geneious,Wed Jun 01 10:06:28 PDT 2022,GTGGAAATGCCCCTAATAAGGGCATACTCTATAAAACTCTAAACTTACTGTCTGAGAAGGCCAYGTGCCGTAATCWTTAAAYATTTTAAAACTTTCAACAACGGATCTCTTGGTTCTCGCATCGATGAAGAACGCAGCGAAATGCGATAAGTAATGTGAATTGCAGAATTCAGTGAATCATCGAATCTTTGAACGCACATTGCGCCCTTTGNTATTCCATAGGGCATGCCTGTTCGAGCGTCACTAACAACCYCATCATACAAGAGTGTGGTATTGGCAGAAGTGGGTAGGGCTAGCAGTGCTCGTCCCACTCTGCTGGAATGAATAGGCCGGAAATGCAGACCATGGCAACAGACTTTCAGAGTATTTTGAWATGCTAAATTAGTTTGGAGCTGGTCAGAATCCAGGCTATTGGACCCCCAWTCTGTGTAAAGCAGTAATGTTGACCTCGGATCAGGTA,sos_assembly1 Consensus Sequences,linear,
sos_assembly1 Contig 9,,7 reads from 166 documents assembled using Geneious,Wed Jun 01 10:06:28 PDT 2022,AACTTGTTGGTTGCTGCTGCTCTCAGGAGCATGTGCACGCTCATTCCATTTTTTAAACCACCYKGKGMACACAYKGWARMCYWAAKKGAWTTTTTYSGGGAAAMYYSGGTTKGRGRMYKGYKGYAAAAWYMRSYKGTYYTKGWAWTTK,sos_assembly1 Consensus Sequences,linear,
sos_assembly1 Contig 10,Wed Jun 01 10:06:29 PDT 2022,6 reads from 166 documents assembled using Geneious,Wed Jun 01 10:06:28 PDT 2022,CAAGCGAGAGAGATGTTGGGGTAGATCGTAGGGATTGTTGCTGGCCTTTGGAAACGAAGGCATGTGCACGTTCCGAGTTCTCCTTTTAGTCCTCGTGAGTCGTTCCTTTGGAAAACCTTTATTTCACACCTGTGCACGTATTGTAGGTCCCGAGAGGGATCTATGTCTTTTATCAACCCCAAACGTATGTCTAGAATGTCATTACTACGTCGACCGGCCTGGCTAACGCCTCGTTGGCGACGGTAAAGAATCAATACAACTTTCAGCAACGGATCTCTTGGCTCTCGCATCGATGAAGAACGCAGCGAATTGCGATACGTAATGTGAATTGCAGATTTTCAGTGAATCATCGAATCTTTGAACGCACCTTGCGCTCCTTGGTATTCCGAGGAGCATGCCTGTTTGAGTGTCATTGAATTCTCAACCACCCTTTGATTGATTTCGAGGGGTTGGCTTGGATTTTGGGAGTTGCTGGCTGACCTTTCGGGGACGGTCGGCTCTCCTTAAAAGCATTAGTGAAAGGTGACAAGCCCTGCATGGACGGCCTTCGACGTGATAATGATCGTCGTGGCTGGNGTGTGAGGCGTAGATCGACCCTTTGCTTCTAAACAAATCGTACTAGGGGGACTCTGCTGCTTTG,sos_assembly1 Consensus Sequences,linear,
sos_assembly1 Contig 11,,5 reads from 166 documents assembled using Geneious,Wed Jun 01 10:06:29 PDT 2022,AAYTTGGTGGTTGCTGCTGGCCCTCAGGCGCATGTGCACGCTCAACTGATTTTAACCACCTGTGCACACACTGTAGGCCTGAATGAACTTTTGTCGAGGAAACTCGGTTTGAGAACTGCTGGTGAAAACGTCAGCTGTTCTTGCGTTCCAGGTCTATGTTTTTAACACACTCCATAACAAGTAATAGAATGTTAATCATTGNCCTTCTGTGCCTTTTAAACCTAATACAACTTTCAACAACGGATCTCTTGCTCTCGCATCGATGAAGAACGCAGCGAAATGCGATAAGTAATGTGAATTGCAGAATTCAGTGAATCATCGAATCTTTGAACGCACCTTGCGCTCCTTG,sos_assembly1 Consensus Sequences,linear,
sos_assembly1 Contig 12,,3 reads from 166 documents assembled using Geneious,Wed Jun 01 10:06:29 PDT 2022,NNNNNNNNNNNNNNNNNNNNNNNCNNNNNNWCATTACAGAKTGNCMMARCTCCCAMSCCTTTGTKAACGCATCCAGYAKTGCKTCGYGSWAGGGCTCCAGSGKGGCSCGCCGANGNNMMNACTCKTGTNTTTTTGCWCTCTGNNAKCWTATARAANNNTTATACTTTMAWYAACNNWNTCTTGTTCTGYAKNANGANNYGCAGGANRYGKNARNNTGNGNTTGCAGAWNAGNGATNWNNNNMTTGRSSWANNNGNNGNWKWTCNGYYGNNNSCKGWNRSNYRTTYSNYWNNWNNTNNTNNTTTNNAACTGNTKNWYWGASNNYWAAWMTTGGGNTTTRAAMACGCGGNCAKARWTMTNNTCNTKTGNKKANAGNNCGGNGTKACCCNCTWNNNTAANWNCNNNNWCAGTRGAYACCGNGANNANATWSWANNNRNNAN,sos_assembly1 Consensus Sequences,linear,
sos_assembly1 Contig 13,,3 reads from 166 documents assembled using Geneious,Wed Jun 01 10:06:29 PDT 2022,CGTACAACTGAGGTGCGAGGGCTGTCGCTGACCTTCAAAGGTTGTGCACGCTCAAGCACTCTCTTACATCCATCTCACCTTTGTGCATCACCGCGTGGGTCCCCTTTGCAAAGGAGGGCTTGCGTTTTCACATAAAACTTGATACAGTGTAGAATGTTTTATTTGCGGTCACACGCAATCAATACAACTTTCAACAACGGATCTCTTGGCTCTCGCATCGATGAAGAACGCAGCGAAATGCGATACGTAATGTGAATTGCAGAATTCAGTGAATCATCGAATCTTTGAACGCACCTTGCGCCCCTTGGCATTCCGAGGGGCACACCCGTTTGAGTGTCGTGAAATCATCAAAAACCTTTCTCTTTGATCGTCTTTGGTTGGGAGAAGGATGTT,sos_assembly1 Consensus Sequences,linear,
sos_assembly1 Contig 14,Wed Jun 01 10:06:29 PDT 2022,2 reads from 166 documents assembled using Geneious,Wed Jun 01 10:06:29 PDT 2022,NNNGNNNNNNNNNANNNNGNNNNNNNCGNNNNWCATTACAGAKTGGCKCGVTCCCMMGCCTTTGTGAACGCMTCCAGTAKKGKTCGCGSTRKGCTCNNNCKGCCCGCTSMRNCKACWNCTCKTGNTTTWTGCANCTCTGAGYWNMNTARMAKAMTKTAWAACTTTMAWYAACRRTCWCTWKTTCWSANWSGATKMMKRCKNGCGNWWGYGWAAWARRKGNTTGCAGANWCAGKGNKCATCSNTCTTTRKCGCAYATGCRNCNYRWAKTMTKTGGGCCYGCCKGWWCSASGTCRTTTSRAYCRTCARGCCGCTGTTYGYKTTSAACCCTGCKTSKATYGCASSWCCCAAAWSAGKSGSSNCTTGYAMRCACGCYGAGYSYNTMGTTTACTCWTCKCTSTGNNNNTAKAGTACCGGYGYGMRCCCCCCTANATTNTAAACWGCCCTMKTTCTANTAGGANYACSCGYWRAAWTAANANNNCNANNNNNNNNAANAAAN,sos_assembly1 Consensus Sequences,linear,
sos_assembly1 Contig 15,Wed Jun 01 10:06:29 PDT 2022,2 reads from 166 documents assembled using Geneious,Wed Jun 01 10:06:29 PDT 2022,CNNNNNNNNNNNNNNNNNNNNNNNANNGTCATTACAGNNNNNCCSYCCCAMSCCTTTGTKRNSNTCCMGYWKKGGTCGNGNTANKGCNCNNNNSGCCCGCNGARNSKACARACTCTTGTTTTTTTGCATCTCTGAGYAKCTTATARAAKAATGAAAAACTTTCAAYAACRRATCWCTTKTTCTGMMTSGNTKMNKRCGCWGGAWWGSAWAAKRKGYGATWSMGAAWSRNGAKCWTGATMTTTGRMGCWATGCNNCKYRWRYMTKTGGNTSTKGWCSNSGNNTYRANRTCNNSNNGTTTRYWTTAACCCTTGGTSGTATTGNCSMCCCAAAMKSAGSGSGGCTTTARWMRRCCCGCCGGGCKCWTTMGTTTMCTCTTCKCTSKGGRRGTAKMGSTACCGGCYGYGMRCCCCCCTAYRTTSWAARYAGCCCTAKTTTTAAKTAAGCAYACSCGCTGANWKANNATMYNNWAAANTAAARANATNN,sos_assembly1 Consensus Sequences,linear,
