Kingdom,Phylum,Class,Order,Family,Genus,Species,trimmed_seq
k__Fungi,p__Ascomycota,c__Dothideomycetes,o__Pleosporales,f__Pleosporaceae,NA,NA,CGCCCTCCTCCCCTACTTGAGCGGTAGCCGCTANNTGCGGGTGGTGGCCTGGGATCCATCTTCACCCATGTCTTTTTGCGTACTACCTGTTTCCTTGGCGAGCTCGCTCGCCAATTGCACCACCAACTAAACCTTTTTGTAATTGCAATCAGCGTCAGATAACACAAATGTAATAAATTACAACTTTCAACAACGGATCTCTTGGTTCTGNCATCGATGAAGAACGCAGCGAAATGCGATAAGTAGTGTGAATTGCAGAATTCAGTGAATCATCGAATCTTTGAACGCACATTGCGCCCTTTGNATTCC
k__Fungi,p__Ascomycota,c__Pezizomycetes,o__Pezizales,f__Tuberaceae,g__Tuber,s__candidum,TTCCTAGGTGCGCGGATTCAGCTGCCGTCCAACATTGCCTGCTAGCTCAGTCAATCCGAAATGTAAACTTGAAGTTTGATCTTTTTTTACTGAGGGGTTAAGCTTTAATGGGTCAGCGAGCTTAATTTATATCTATCAGNATCAGCTGTGTAGGCCCCTGATAAAGGCTTTATCGGAACAGTATATTTC
k__Fungi,p__Ascomycota,c__Pezizomycetes,o__Pezizales,f__Tuberaceae,g__Tuber,s__candidum,GCTTAATTTATATCTATCAGNATCAGCTATGTAGGCCCCTGATAGAGTCTTTATCGGAAGAGTGCATTTCAATCAGTTGTGTGAGTCGTCCTAGTGCCTTATTCTTTACACAAGTTAAAACTTTCAACAACGTTTCTCTTGTCTCTCGCATCGATGAA
k__Fungi,p__Ascomycota,c__Pezizomycetes,o__Pezizales,f__Tuberaceae,g__Tuber,s__candidum,TACTTCAGGCATCCGAATTGTTAACTTGAAGTTTGATCTTTTTTTACTGAGGGNTAACCTTTAAGGGGACAGCGAGCTTAATTTATATCTATCAGGATCAGCTGTGTAGGCCCCTGATAAAGTCTCCATCGCAACAGTATATTTCAATCAGTTGTCTGGTCGTCCTAG
k__Fungi,p__Ascomycota,c__Sordariomycetes,NA,NA,NA,NA,ACAACTCTTGTTTTTTTGCATCTCTGAGTAGCTTATAGAATAAGTAAAACTTTCAACAACGGATCTCTTGGTCTGACATCGATGAGAACGCAGCGNTATGCGATAAGTATGTGANTGCAG
k__Fungi,p__Ascomycota,NA,NA,NA,NA,NA,TCCGTTGCCGATATACGTTGCATTCCTAGGTGGTGGAATCAGCTGCCGTCAAGATTGCCTGCTAGCTCAGGTAGCCGTAAAGGAAACTTGAACTTTCATCAATTTTTACTGAGGTCTGACCTTTAAGGGGGAGCGAGTTA
k__Fungi,p__Ascomycota,c__Pezizomycetes,o__Pezizales,f__Tuberaceae,g__Tuber,s__candidum,ACTGTGGTTCTGACCTTTATTGGGACCGCGAGCTTAATTTATATCTATCAGGATCAGCTATGTAAGCCCCTGATAGAATCTTTATCGGAACAGTGTATTTCAATCAGTTGTCTGGGTCGTCCTAGTGCCTTATTCTTT
k__Fungi,NA,NA,NA,NA,NA,NA,CTATGAATGTAATATCATGGAGACCTGCAGCTTTGAGGCCCAAAAAAAGTAAATACAAGTTTCAAAAAAAGTTCTCATGCCTCTATCGTCGATCATGCCCCCCGGGAAATGCGGCAAGTAGTTTGAACTGCCGACCTCTCAGCACTCACTACTCTTTGGACAAAGCTGGCGGCCCTTGGCATCCTG
k__Fungi,p__Basidiomycota,c__Agaricomycetes,o__Boletales,f__Melanogastraceae,g__Melanogaster,NA,GTGCACGTTCCGAGTTCTCCTTTTAGTCCTCGTGAGTCGTTCCTTTGGAAAACCTTTATTTCACACCTGTGCACGTATTGTAGGTCCCGAGAGGGATCTATGTCTTTTATCAACCCCAAACGTATGTCTAGAATGTCATTACTACGTCGACCGGCCTGGCTAACGCCTCGTTGGCGACGGTAAAGAATCAATACAACTTTCAGCAACGGATCTCTTGGCTCTCGCATCGATGAAGAACGCAGCGAATTGCGATACGTAATGTGAATTGCAGATTTTCAGTGAATCATCGAATCTTTGAACGCACCTTGCGCTCCTTGGTATTCCGAGGAGCATGCCTGTTTGAGTGTCATTGAATTCTCAACCACCCTTTGATTG
k__Fungi,p__Basidiomycota,c__Agaricomycetes,o__Boletales,f__Melanogastraceae,g__Melanogaster,NA,TGCACGTTCCGAGTTCTCCTTTTAGTCCTCGTGAGTCGTTCCTTTGGAAAACCTTTATTTCACACCTGTGCACGTATTGTAGGTCCCGAGAGGGATCTATGTCTTTTATCAACCCCAAACGTATGTCTAGAATGTCATTACTACGTCGACCGGCCTGGCTAACGCCTCGTTGGCGACGGTAAAGAATCAATACAACTTTCAGCAACGGATCTCTTGGCTCTCGCATCGATGAAGAACGCAGCGAATTGCGATACGTAATGTGAATTGCAGATTTTCAGTGAATCATCGAATC
k__Fungi,p__Basidiomycota,c__Agaricomycetes,o__Boletales,f__Melanogastraceae,g__Melanogaster,NA,TGCACGTTCCGAGTTCTCCTTTTAGTCCTCGTGAGTCGTTCCTTTGGAAAACCTTTATTTCACACCTGTGCACGTATTGTAGGTCCCGAGAGGGATCTATGTCTTTTATCAACCCCAAACGTATGTCTAGAATGTCATTACTACGTCGACCGGCCTGGCTAACGCCTCGTTGGCGACGGTAAAGAATCAATACAACTTTCAGCAACGGATCTCTTGGCTCTCGCATCGATGAAGAACGCAGCGAATTGCGATACGTAATGTGAATTGCAGATTTTCAGTGAATCATCGAATCT
k__Fungi,p__Ascomycota,c__Pezizomycetes,o__Pezizales,f__Tuberaceae,g__Tuber,s__candidum,TCCTAGGTGTTGTTTCAGCTGCCGTCCAACATTGCCTGCTAGCTCAGTCAATCCGAGTTGTTAACTTGGAGTTTGATCTTTTTTTACTGATGGTTAAGCTTTAATGGGTCAGCGAGCTTAATTTATATCTATCAGGATCAGCTATGTAGCCCCTGGAAAGGTCCATCGCAAGTGAATATTTCAATCAGCTGTCTGAGTCGGCCTAGTGCCTTATTCTT
k__Fungi,p__Ascomycota,c__Pezizomycetes,o__Pezizales,f__Tuberaceae,g__Tuber,s__candidum,TACCAATCTATGTTGCTTTCCTAGGTGGTTGGTTTCAGCTGCCGTCCAACATTGCCTGCTCGCTCAGTCAATCCGAGTTGTTAACTTGGAGTTTGATCTTTTTTTACTGATGGGTTAAGCTTTAATGGGTCAGCGAGCTTAATTTATATCTATCAGGATCAGCTATGTAGGCCCCTGGGAAAGGGTCCATCGCAAGTGAATATTTCAATCAGCTGTCTGAGTCGGCCTAGTGCCTTATTCTTTAAACAAGTTAAAACTTTCAACAACGGATCTCTTGGCTCTCGCATCGATGAAGAACGCAGCGAAATGCGATAAGTAATGTGAATTGCAGAATTCAGTGAATCATCGAATCTTTGAACGCACATTGCGCCCCTTGGTATTCCTT
k__Fungi,p__Ascomycota,c__Pezizomycetes,o__Pezizales,f__Tuberaceae,g__Tuber,s__candidum,CTAAAACCCTCTCCGCGTACCAATCTATGTTGCTTTCCTAGGTGGTTGGTTTCAGCTGCCGTCCAACATTGCCTGCTAGCTCAGTCAATCCGAGTTGTTAACTTGGAGTTTGATCTTTTTTTACTGATGGGTTAAGCTTTAATGGGTCAGCGAGCTTAATTTATATCTATCAGGATCAGCTATGTAGGCCCCTGGGAAAGGGTCCATCGCAAGTGAATATTTCAATCAGCTGTCTGAGTCGGCCTAGTGCCTTATTCTTTAAACAAGTTAAAACTTTCAACAACGGATCTCTTGGCTCTCGCATCGATGAAGAACGCAGCGAAATGCGATAAGTAA
k__Fungi,p__Ascomycota,c__Pezizomycetes,o__Pezizales,f__Tuberaceae,g__Tuber,s__candidum,TCTCCGCGTACCAATCTATGTTGCTTTCCTAGGTGGTTGGTTTCAGCTGCCGTCCAACATTGCCTGCTCGCTCAGTCAATCCGAGTTGTTAACTTGGAGTTTGATCTTTTTTTACTGATGGGTTAAGCTTTAATGGGTCAGCGAGCTTAATTTATATCTATCAGGATCAGCTATGTAGGCCCCTGGAAAGGTCCATCGCAAGTGAATATTTCAATCAGCTGTCTGAGT
k__Fungi,p__Ascomycota,c__Dothideomycetes,o__Capnodiales,f__Cladosporiaceae,g__Cladosporium,s__delicatulum,CATAACCCTTTGTTGTCCGACTCTGTTGCCTCCGGGGCGACCCTGCCTTCGGGCGGGGGCTCCGGGTGGACACTTCAAACTCTTGCGTAACTTTGCAGTCTGAGTAAACTTAATTAATAAATTAAAACTTTTAACAACGGATCTCTTGGTTCTGGCATCGATGAAGAACGCAGCGAAATGCGATAAGTAATGTGAATTGCAGAATTCAGTGAATCATCGAATCTTTGAACGCACATTGCGCCCCCTGGTATTCCGGGGGG
k__Fungi,p__Basidiomycota,c__Agaricomycetes,o__Boletales,f__Melanogastraceae,g__Melanogaster,NA,CTCCTTTTAGTCCTCGTGAGTCGTTCCTTTGGAAAACCTTTATTTCACACCTGTGCACGTATTGTAGCTCCCGAGAGGGGTCTATGTCTTTTATCAACCCCAAACGTATGTCTAGAATGTCATTACTACGTCGACCGGCCTGGTAACGCCTCGTGGCGACGCTAAAGAATCAATACAAC
k__Fungi,p__Ascomycota,c__Pezizomycetes,o__Pezizales,f__Tuberaceae,g__Tuber,s__candidum,CAACATTGCCTGCTAGCTCAGTCAATCCGAGTTGTTAACTTGGAGTTTGATCTTTTTTTACTGATGGTTAAGCTTTAATGGTCAGCGAGCTTAATTTATATCTATCAGGATCAGCTATG
k__Fungi,p__Basidiomycota,c__Agaricomycetes,o__Boletales,f__Melanogastraceae,g__Melanogaster,NA,ACCTGTGCACGTATTGTAGTCCCGAGAGGGTCTATGTCTTTTATCAACCCCAAACGTATGTCTAGAATGTCATTACTACGTCGACCGCCTGCTAACGCCTCGTTGGCGACGCTAAAGAATCAAT
k__Fungi,p__Ascomycota,c__Dothideomycetes,o__Pleosporales,f__Pleosporaceae,g__Bipolaris,s__brizae,GGGATCCATCTTCACCCATGTCTTTTTGCGTACTACCTGTTTCCTTGGCGAGCGAGCTCGCCAATTGGACCACCAATTAAACCTTTTTGTAATTGCAATCAGCGTCAGATAACACAAATGTAATAAATTACAACTTTCAACAACGGATCTCTTGGTTCTGGCATCGATGAAGAACGCAGCGAAATGCGATAAGTAGTGTGAATTGCAGAAT
k__Fungi,p__Ascomycota,c__Dothideomycetes,o__Pleosporales,f__Pleosporaceae,g__Bipolaris,s__brizae,CCCATGTCTTTTTGCGTACTACCTGTTTCCTTGGCGAGCGAGCTCGCCAATTGGACCACCAATTAAACCTTTTTGTAATTGCAATCAGCGTCAGATAACACAAATGTAATAAATTACAACTTTCAACAACGGATCTCTTGGTTCTGGCATCGATGAAGAACGCAGCGAAATGCGATAAGTAGTGTGAATTGC
k__Fungi,NA,NA,NA,NA,NA,NA,AACGCCGCCGAAAGTACCCAAAAATCACTTTTCAGAGTCTTCTGATGACAAAAAAAAACAAGTCAAAACCTTCAACAAC
k__Fungi,p__Ascomycota,c__Dothideomycetes,o__Pleosporales,f__Pleosporaceae,NA,NA,CTACCGCCCTCTCCCCTACTTGAGCGGTAGCCGCTAGGTTGGGGGTGGTGGCCTGGGATCCATCTTCACCCATGTCTTTTTGCGTACTACCTGTTTCCTTGGCGAGCGAGCTCGCCAATTGGACCACCAATTAAACCTTTTTGTAATTGCAATCAGCGTCAGATAACACAAATGTAATAAATTACAACTTTCAACAACGGATCTCTTGGTTCTGGCATCGATGAAGAACGCAGCGAAATGCGATAA
k__Fungi,p__Ascomycota,c__Dothideomycetes,o__Pleosporales,f__Pleosporaceae,g__Bipolaris,s__brizae,ATCTTCACCCATGTCTTTTTGCGTACTACCTGTTTCCTTGGCGAGCGAGCTCGCCAATTGGACCACCAATTAAACCTTTTTGTAATTGCAATCAGCGTCAGATAACACAAATGTAATAAATTACAACTTTCAACAACGGATCTCTTGGTTCTGGCATCGATGAAGAACGCAGCGAAATGCGATAAGTAGTGTGAA
k__Fungi,p__Ascomycota,c__Sordariomycetes,o__Hypocreales,f__Bionectriaceae,g__Bionectria,s__solani,TCTTGTTTTATTTTGGAATCTTCTGAGTAGTTTTTACAAATAATAAAAACTTTCAACAACGAATCTCTTGCTTCTGTCATC
k__Fungi,p__Ascomycota,c__Dothideomycetes,o__Pleosporales,f__Pleosporaceae,g__Bipolaris,s__brizae,CCATCTTCACCCATGTCTTTTTGCGTACTACCTGTTTCCTTGGCGAGCGAGCTCGCCAATTGGACCACCAATTAAACCTTTTTGTAATTGCAATCAGCGTCAGATAACACAAATGTAATAAATTACAACTTTCAACAACGGATCTCTTGGTTCTGGCATCGATGAAGAACGCAGCGAAATGCGATAAGTAGTGTGAATTGCA
k__Fungi,p__Ascomycota,c__Dothideomycetes,o__Pleosporales,f__Pleosporaceae,g__Bipolaris,s__brizae,GGGATCCATCTTCACCCATGTCTTTTTGCGTACTACCTGTTTCCTTGGCGAGCTCGCTCGCCAATTGGACCACCAATTAAACCTTTTTGTAATTGCAATCAGCGTCAGATAACACAAATGTAATAAATTACAACTTTCAACAACGGATCTCTTGGTTCTGGCATCGATGAAGAACGCAGCGAAATGCGATAAGTA
k__Fungi,p__Ascomycota,c__Sordariomycetes,o__Sordariales,f__Chaetomiaceae,g__Chaetomium,s__angustispirale,TGATAATTTATGGCCTCTCTGAGTCTTCTGTACTGAATAAGTCAAAACTTTCAACAACGGATCTCTTGGTTCTGGCATCGATGAAGAACGCAGCGAAATGCGATAAGTAATGTGAATTGCAGAATTCAGTGAATCATCGAATCTTTGAACG
k__Fungi,p__Ascomycota,c__Dothideomycetes,o__Pleosporales,f__Pleosporaceae,g__Bipolaris,s__brizae,GGTGGCCTGGGATCCATCTTCACCCATGTCTTTTTGCGTACTACCTGTTTCCTTGGCGAGCTCGCTCGCCAATTGGACCACCAATTAAACCTTTTTGTAATTGCAATCAGCGTCAGATAACACAAATGTAATAAATTACAACTTTCAACAACGGATCTCTTGGTTCTGGCATCGATGAAGAACGCAGCGAAATGCGATAAGTAGTGTGAATTGCAG
k__Fungi,p__Ascomycota,c__Dothideomycetes,o__Pleosporales,f__Pleosporaceae,g__Bipolaris,NA,CATCTTCACCCATGTCTTTTTGCGTACTACCTGTTTCCTTGNCGAGCTCGCTCGCCAATTGAACCACCAATTAAACCTTTTTGTAATTGCAATCAGCGTCAGATAACACAAATGTAATAAATTACAACTTTCAACAACGAATC
k__Fungi,p__Ascomycota,c__Dothideomycetes,o__Pleosporales,f__Pleosporaceae,NA,NA,TTTTGTAATTGCAATCAGCGTCAGATAACACAAATGTAATAAATTACAACTTTCAACAACGGATCTCTTGTTCTGTCATCGATGAAAAACGCA
k__Fungi,p__Ascomycota,c__Dothideomycetes,o__Pleosporales,f__Pleosporaceae,NA,NA,ACCAATTAAACCTTTTTGTAATTGCAATCAGCGTCAGATAACACAAATGTAATAAATTACAACTTTCAACAACGGATCTCTTGGTTC
k__Fungi,p__Ascomycota,c__Dothideomycetes,o__Pleosporales,f__Pleosporaceae,g__Bipolaris,s__brizae,CACCAATTAAACCTTTTTGTAATTGCAATCAGCGTCAGATAACACAAATGTAATAAATTACAACTTTCAACAACGGATCTCTTGGTTC
k__Fungi,p__Ascomycota,c__Pezizomycetes,o__Pezizales,f__Pezizaceae,g__Peziza,s__infossa,TATCATTTACCATGTTGCTTCCATTGGACAGACCGGCATTGTGTATACAAGTTGGTCCTCTAGTTTTGTGTTTCTTTGGGCACTAGCTAGGGAGCTGCCAGTGGATAGAATCCAAATAAAAAAATTCGTGAAGAAATATATTGTCTGAATTATTAGTACAAAACAAATAAAACTTTCAACAACGGATCTCTAGGCTCTTGCATCGATGAAGAACGCAGTGAAATGCGATAAGTAATGTGAATTGCAGA
k__Fungi,p__Ascomycota,c__Pezizomycetes,o__Pezizales,f__Pezizaceae,g__Peziza,s__infossa,GGATAGAATCCAAATAAAAAAATTCGAGAAGAAATATATTGTCTGAATTATTAGTACAAAACAAATAAAACTTTCAACAACGGATCTCTAGGCTCTTGCATCGATGAAGAACGCAGGGAAATGCGATAAGTAATGTGAATTGC
k__Fungi,p__Ascomycota,c__Pezizomycetes,o__Pezizales,f__Pezizaceae,g__Peziza,s__infossa,CCGGCATTGTGTATACAAGTTGGTCCTCTAGTTTTGTGTTTCTTTGGGCACTAGCTAGGGAGCTGCCAGTGGATAGAATCCAAATAAAAAAATTCGTGAAGAAATATATTGTCTGAATTATTAGTACAAAACAAATAAAACTTTCAACAACGGATCTCTAGGCTCTTGCATCGATGAAGAACGCAGTGAAATGCGATA
k__Fungi,p__Ascomycota,c__Pezizomycetes,o__Pezizales,f__Pezizaceae,g__Peziza,s__infossa,TGTTGCTTCCATTGGACAGACCGGCATTGTGTATACAAGTTGGTCCTCTAGTTTTGTGTTTCTTTGGGCACTAGCTAGGGAGCTGCCAGTGGATAGAATCCAAATAAAAAAATTCGTGAAGAAATATATTGTCTGAATTATTAGTACAAAACAAATAAAACTTTCAACAACGGATCTCTAGGCTCTTGCATCGATGAAGAACGCAGTGAAATGCGATAAGTAATGTG
k__Fungi,p__Ascomycota,c__Pezizomycetes,o__Pezizales,f__Pezizaceae,g__Peziza,s__infossa,ATGTTGCTTCCATTGGACAGACCGGCATTGTGTATACAAGTTGGTCCTCTAGTTTTGTGTTTCTTTGGGCACTAGCTAGGGAGCTGCCAGTGGATAGAATCCAAATAAAAAAATTCGTGAAGAAATATATTGTCTGAATTATTAGTACAAAACAAATAAAACTTTCAACAACGGATCTCTAGGCTCTTGCATCGATGAAGAACGCAGTGAAATGCGATAAGTAATGTGAAT
k__Fungi,p__Ascomycota,c__Pezizomycetes,o__Pezizales,f__Pezizaceae,g__Peziza,s__infossa,TCATTTACCATGTTGCTTCCATTGGACAGACCGGCATTGTGTATACAAGTTGGTCCTCTAGTTTTGTGTTTCTTTGGGCACTAGCTAGGGAGCTGCCAGTGGATAGAATCCAAATAAAAAAATTCGTGAAGAAATATATTGTCTGAATTATTAGTACAAAACAAATAAAACTTTCAACAACGGATCTCTAGGCTCTTGCATCGATGAAGAACGCAGTGAAATGCGATAAGTAATGTGAATTGCAGAA
k__Fungi,p__Ascomycota,c__Pezizomycetes,o__Pezizales,f__Pyronemataceae,g__Tarzetta,NA,TACCTGTTGCTTCCCCCCCGCGTTCAAACCTGGGGGAAGGAATCCACAAACCCTTTGTTTTTCAATGGAGTCTGTCTGAAGAATAAAAATGTGTTTGAACACATTGAAAACCAAAATTAAAACTTTCAACAACGGATCTCTTGGTTCTCCCATCGATGAAGAACGCAGCGAAATGCGATAAGTAGTGTGAATTGCAGAATTCAGTGAATCATCGAATCTTTGA
k__Fungi,p__Ascomycota,c__Pezizomycetes,o__Pezizales,f__Pyronemataceae,g__Tarzetta,NA,CCCCCCCGCGGTCAAACCTGGGGGAAGGAATCCACAAACCCTTTGTTTTTCAATGGAGTCTGTCTGAAGAATAAAAATGTGTTTGAACACATTGAAAACCAAAATTAAAACTTTCAACAACGGATCTCTTGGTTCTCCCATCGATGAAGAACGCAGCGAAATGCGATAAGTAGTGTGAATTGCAGAATTCAGTGAATCATCGAATCTTTGAACGCAC
k__Fungi,p__Ascomycota,c__Pezizomycetes,o__Pezizales,f__Pezizaceae,g__Peziza,s__infossa,TGCTTCCATTGGACAGACCGGCATTGTGTATACAAGTTGGTCCTCTAGTTTTGTGTTTCTTTGGGCACTAGCTAGGGAGCTGCCAGTGGATAGAATCCAAATAAAAAAATTCGTGAAGAAATATATTGTCTGAATTATTAGTACAAAACAAATAAAACTTTCAACAACGGATCTCTAGGCTCTTGCATCGATGAAGAACGCAGTGAAATGCGATAAGTAATGTGAATTGCAGAATCTCGTGAATCATCGAATCTTTGAACGCACATTGCGCCCTATGGAATTCTGTAGGGCATGCCTGTCTGAGCGTCAGC
k__Fungi,p__Ascomycota,c__Pezizomycetes,o__Pezizales,f__Pezizaceae,g__Peziza,s__infossa,CTTTGTCTATCATTTACCATGTTGCTTCCATTGGACAGACCGGCATTGTGTATACAAGTTGGTCCTCTAGTTTTGTGTTTCTTTGGGCACTAGCTAGGGAGCTGCCAGTGGATAGAATCCAAATAAAAAAATTCGTGAAGAAATATATTGTCTGAATTATTAGTACAAAACAAATAAAACTTTCAACAACGGATCTCTAGGCTCTTGCATCGATGAAGAACGCAGTGAAATGCGATAAGTAATGTG
k__Fungi,p__Ascomycota,c__Pezizomycetes,o__Pezizales,f__Tuberaceae,g__Tuber,s__candidum,CTCTGCGTACCAATCTATGTTGCTTTCCTAGGTGGTTGGTTTCAGCTGCCGTCCAACATTGCCTGCTAGCTCAGTCAACCCGAGTTGTTCACTTGGAGTTTGATCTTTTTTACTGATGGGTTAAGCTTTAGTGGGTCAGCGAGCTTAATTTATATCTATCAGGATCAGCTATGCAGGCCCCTGGGAAAGGGTCCATCCCAAGTGAATATGTCAATCAGCTGTCTGAGTTGGCCTGGTGCCTTATTCTTTGAACAAGTTAAAACTTTCAACAACGGATCTCTTGGCTCTCGCATCGATGAAGAACGCAGCGAAATGCGATAAGTAATGTGAATTGCAGAATTCAGTGAATCATCGAATCTTTGAACGCACATTGCGCC
k__Fungi,p__Ascomycota,c__Pezizomycetes,o__Pezizales,f__Tuberaceae,g__Tuber,s__candidum,AAACCCTCTCTGCGTACCAATCTATGTTGCTTTCCTAGGTGGTTGGATTCAGCTGCCGTCCAACATTGCCTGCTAGCTCAGTCAACCCGAGTTGTTCACTTGAAGTTTGATCTTTTTTACTGATGGTTTAGGCTTTAGTGGGTCA
k__Fungi,p__Ascomycota,c__Pezizomycetes,o__Pezizales,f__Tuberaceae,g__Tuber,s__candidum,GCTTAATTTATATCTATCAGGATCAGCTATGCAGGCCCCTGGAAAAGGTCCATCCCAAGTGATTATGTCAATCAGCTGTCTGAGTTGCCCTGGTGCCTTATTCTTTGAACAAGTTAAAACTTTCAACAACGGATCTCTTGGTTCTCGCATC
k__Fungi,p__Ascomycota,NA,NA,NA,NA,NA,TCGATGAAGAACGCAGCGAAATGCGATAAGTAATGTGAATTGCAGAATTCAGTGAATCATCGAATCTTTGAACGCACATTGCGCCCG
k__Fungi,p__Ascomycota,c__Dothideomycetes,o__Pleosporales,f__Pleosporaceae,g__Bipolaris,s__brizae,CATCTTCACCCATGTCTTTTTGCGTACTACCTGTTTCCTTGGCGAGCGAGCTCGCCAATTGGACCACCAATTAAACCTTTTTGTAATTGCAATCAGCGTCAGATAACACAAATGTAATAAATTACAACTTTCAACAACGGATCTCTTGGTTCTGGCATCGATGAAGAACGCAGCGAAATGCGATAAGTAGTGTGAATTGCA
k__Fungi,p__Ascomycota,NA,NA,NA,NA,NA,TTTCGTGAATCATCGAAACTTTGAACGCACATTGCGCCCCCTGGATTCCGGGTTCATGCCTGTTC
k__Fungi,p__Ascomycota,c__Pezizomycetes,o__Pezizales,NA,NA,NA,ATTTAACACCTTCAATTGAATTTGCTGTCTGAGTTGGCCTGGGGCCATGAACTTTGAACAAGTTAAAAAACTTTCAACAACGGATCTCTTGGCTCTCGCATCGATGAAGAACGC
k__Fungi,p__Ascomycota,c__Dothideomycetes,o__Pleosporales,f__Pleosporaceae,NA,NA,CCATCTTCACCCATGTCTTTTTGCGTACTACCTGTTTCCTTGGCGAGCGAGCTCGCCAATTGTCCCACCAATTAAACCTTTTTGTAATTGCAATCAGCGTCAGATAACACAAATGTAATAAATTACAACTTTCAACAACGGATCTCTTGGTTCT
k__Fungi,NA,NA,NA,NA,NA,NA,AAACCTTTTTGTAATTGAACCAGCGTCAAAAAAAACAAATGAAAAAAATTACATTTTTCAAAAACGCTCTCTTGATCTGGATCGATGA
k__Fungi,p__Basidiomycota,c__Agaricomycetes,o__Russulales,f__Russulaceae,g__Russula,s__decipiens,CACGCTCAAGCACTCTCTTACATCCATCTCACCTTTGTGCATCACCGCGTGGGTCCCCTTTGCAAAGGAGGGCTTGCGTTTTCACATAAAACTTGATACAGTGTAGAATGTTTTATTTGCGGTCACACGCAATCAATACAACTTTCAACAACGGATCTCTTGGCTCTCGCATCGATGAAGAACGCAGCGAAATGCGATACGTAATGTGAATTGCAGAATTCAGTGAATCATCGAATCT
k__Fungi,p__Basidiomycota,c__Agaricomycetes,o__Agaricales,f__Entolomataceae,g__Entoloma,NA,TTTTAACCACCTGTGCACACACTGTAGGCCTGAATGAACTTTTGTCGAGGAAACTCGGTTTGAGAACTGCTGGTGAAAACGTCAGCTGTTCTTGCGTTCCAGGTCTATGTTTTTAACACACTCCATAACAAGTAATAGAATGTTAATCATTGCCTTCTGTGCCTTTTAAACCTAATACAACTTTCAACAACGGATCTCTTGNTCTCGCATCGATGAA
k__Fungi,p__Basidiomycota,c__Agaricomycetes,o__Agaricales,f__Entolomataceae,g__Entoloma,NA,TATGTTTTTAACACACTCCATAACAAGTAATAGAATGTTAATCATTGCCTTCTGTGCCTTTTAAACCTAA
k__Fungi,p__Basidiomycota,c__Agaricomycetes,o__Agaricales,f__Entolomataceae,g__Entoloma,NA,ACCACCTGTGCACACACTGTAGGCCTGAATGAACTTTTGTCGAGGAAACTCGGTTTGAGAACTGCTGGTGAAAACGTCAGCTGTTCTTGCGTTCCAGGTCTATGTTTTTAACACACTCCATAACAAGTAATAGAATGTTAATCATTGGCCTTCTGTGCCTTTTAAACCTAATACAACTTTCAACAACGGATCTCTTGGCTCTCGCATCGATGAAGA
k__Fungi,p__Basidiomycota,c__Agaricomycetes,o__Agaricales,f__Entolomataceae,g__Entoloma,NA,TAACCACCTGTGCACACACTGTAGGCCTGAATGAACTTTTGTCGAGGAAACTCGGTTTGAGAACTGCTGGTGAAAACGTCAGCTGTTCTTGCGTTCCAGGTCTATGTTTTTAACACACTCCATAACAAGTAATAGAATGTTAATCATTGNCCTTCTGTGCCTTTTAAACCTAATACAACT
k__Fungi,p__Basidiomycota,c__Agaricomycetes,o__Cantharellales,f__Cantharellales_fam_Incertae_sedis,g__Sistotrema,s__coronilla,TCTTTAATCCATTCACACCTGTGCACTTGTTTCAGAGTTTAAGGGAGAAATCTCTACTCTGCTAATTATACACTCTTTAAATTTACTTTGAATGTTTACCAAGTCGAAAGACTTTTAAATTAATACAACTTTTAACAACGGATCTCTTGGCTCTCGCATCGATGAAGAACGCAGCGAAATGCGATAAGTAATGTGAATTGCAGAATTCAGTGAATCATCGAATCTTTGAACGCACCTTGCGCTCCTTGGTATTCCGAGGAGCACGCCTGTTCGAGTGTCATGAAGCTCTCAAGCGATAATAACTTTATTGTTGTTGTT
k__Fungi,p__Ascomycota,c__Sordariomycetes,o__Hypocreales,f__Hypocreales_fam_Incertae_sedis,g__Chlamydocillium,s__cyanophilum,ACTATTTTTAACCGATACCTCTGAGTAACCAAAAAATAAATCAAAACCTTTAACAACGGATCTCTTGGCTCTGGCATCGATGAAGAACGCAGCGAAATGCGAAAAGTAATGTGAATTGCAGAATTCAGTGAATCATCGAATCTTTGAACGCACATTGCGCCCGCTGGAACTCCGGCGGGCATGCCTGTCCGAGC
k__Fungi,p__Ascomycota,c__Sordariomycetes,NA,NA,NA,NA,GCAGAATTCAGTGAATCATCGAATCTTTGAACGCACATTGCGCCCGCCAGTATTCTGTGGG
k__Fungi,p__Basidiomycota,c__Agaricomycetes,o__Russulales,f__Russulaceae,g__Russula,NA,TGCATATTCACATAAAACTTGTACAAAGAATTATGTTTTATTTGCGGTCACACGCAATCAATACAACTTTCAACAACGGATCTCTTGTTTCTCGCATCGATGAATAACGCAGTGTTATGCGACACGTAGTGCGCATTGCAGAATT
k__Fungi,p__Ascomycota,c__Pezizomycetes,o__Pezizales,f__Tuberaceae,g__Tuber,s__candidum,CATCGCAAGTGAATATTTCAATCAGCTGTCTGAGTCGGCCTAGTGCCTTATTCTTTAAACAAGTTAAAACTTTCAACAACGGATCTCTTGGCTCTCGCATCGATGAAGAACGCAGCGAAATGCGATAAGTAATGTGAATTGCAGAATTCAGTGAATCATCGAATCTTTGAACGCACATTGCGCCCC
k__Fungi,NA,NA,NA,NA,NA,NA,TTTGCGATCACACGCAAACAGTACAAATTTGAACAACGGATCGCTTGTTTCTCGCATCGATGAAGAACGCAGCGATTGGCGGCACATTGTGCGCGTTAGAAAACTGAGGGAATCCTCGGATCTTTGGACGCACCATGCGCCACTTGGCAGTCTGGGGGTGACACCCGGTTGAGGGTCGCGAAATC
k__Fungi,p__Ascomycota,c__Pezizomycetes,o__Pezizales,f__Tuberaceae,g__Tuber,s__candidum,CTTTCCTAGGTGGTGGATTCAGCTGCCGTCCAACATTGCCTGCTACCTCAGGCAATCCGTNGTGTAAACTTGAAGTTTGATCTTTTTTTACTGATGTTCTAAGCTTTAATGGGGCAGCGAGCTTAATTTATATCTATCAG
k__Fungi,p__Ascomycota,c__Dothideomycetes,o__Pleosporales,f__Pleosporaceae,g__Bipolaris,s__brizae,TCCATCTTCACCCATGTCTTTTTGCGTACTACCTGTTTCCTTGGCGAGCGAGCTCGCCAATTGGACCACCAATTAAACCTTTTTGTAATTGCAATCAGCGTCAGATAACACAAATGTAATAAATTACAACTTTCAACAACGGATCTCTTGGTTCTGGCATCGATGAAGAACGCAGCGAAATGCGATAAGTAGTGTGAATTGCAGAATTCAGTGAATCATCGAATCTTTGAACGCACATTGCGCCCTTTGGTATTCCAAAGGGCATGCCT
k__Fungi,p__Ascomycota,c__Dothideomycetes,o__Pleosporales,f__Pleosporaceae,NA,NA,CATCTTCACCCATGTCTTTTTGCGTACTACCTGTTTCCTTGGCGAGCTCGCTCGCCAATTGGACCACCAACTAAACCTTTTTGTAATTGCAATCAGCGTCAGATAACACAAATGTAATAAATTACAACTTTCAACAACGGATCTCTTGGTTCTGGCATCGATGAAGAACGCAGCGAAATGC
k__Fungi,p__Ascomycota,c__Dothideomycetes,o__Pleosporales,f__Pleosporaceae,NA,NA,CTTCACCCATGTCTTTTTGCGTACTACCTGTTTCCTTGGCGAGCTCGCTCGCCAATTGCACCACCAACTAAACCTTTTTGTAATTGCAATCAGCGTCAGATAACACAAATG
k__Fungi,p__Basidiomycota,c__Agaricomycetes,o__Thelephorales,f__Thelephoraceae,g__Tomentellopsis,NA,GTGCACACCCCGATCGCATCCACCTCCAACACCTGTGCACCGCCTGTAGCTTGGGATGATCACGGGGCCCTGACCGGCCGCGAATGCCCTCGTCTACGAATGTTTTTACACACACCACAAAGTATTACAGAATGTATATCGAACTGCGTCTGATAAACGCGACAAATACAACTTTCAACAACGGATCTCTTGGCTCTCGCATCGATGAAGAACGCAGCGAAATGCGATAAGTAATGTGAATTGCAGAATTCAGTGAATCATCGAATCTTTGAACGCACCTTGCGCTCCTTGGTATTCCGAGGAGCATGCCTGTTTGAGTGT
k__Fungi,p__Ascomycota,c__Dothideomycetes,o__Capnodiales,f__Cladosporiaceae,g__Cladosporium,s__delicatulum,AAACTCTTGCGTAACTTTGCAGTCTGAGTAAACTTAATTAATAAATTAAAACTTTTAACAACGGATCTCTTGGTTCTGGCATCGATGAAGAACGCAGCGAAATGCGATAAGTAATGTGAATTGCAGAATTCAGTGAATCATCGAATCTTTGAACGCACATTGCGC
k__Fungi,p__Ascomycota,c__Pezizomycetes,o__Pezizales,f__Pyronemataceae,g__Tarzetta,NA,TAAAAATGTGTTTGAACACATTGAAAACCAAAATTAAAACTTTCAACAACGGATCTCTTGGTTCTCCCATCGATGAAGAACGCAGCGAAATGCGATAAGTAGTGTGAATTGCAGAATTCAGTGAATCATCGAATCTTTGAACGCACAT
k__Fungi,p__Ascomycota,c__Pezizomycetes,o__Pezizales,f__Pyronemataceae,g__Tarzetta,NA,CTTTGTTTTTCAATGGAGTCTGTCTGAAGAATAAAAATGTGTTTGAACACATTGAAAACCAAAATTAAAACTTTCAACAACGGATCTCTTGGTTCTCCC
k__Fungi,p__Ascomycota,c__Dothideomycetes,o__Pleosporales,f__Pleosporaceae,NA,NA,AATTAAACCTTTTTGTAATTGCAATCAGCGCAGAAACACAAATGTAATAAATTACAACTTTCAACAACGGATCTCTTGGTTCTG
k__Fungi,p__Ascomycota,c__Dothideomycetes,o__Pleosporales,f__Pleosporaceae,g__Bipolaris,s__brizae,TCCATCTTCACCCATGTCTTTTTGCGTACTACCTGTTTCCTTGGCGAGCGAGCTCGCCAATTGGACCACCAATTAAACCTTTTTGTAATTGCAATCAGCGTCAGATAACACAAATGTAATAAATTACAACTTTCAACAACGGATCTCTTGGTTCTGGCATCGATGAAGAACGCAGCGAAATGCGATAAGTAGTGTG
k__Fungi,p__Ascomycota,NA,NA,NA,NA,NA,CTACCGCCCTCTCCCCTACTTGAGCGGTAGCCGCTAGGTTGGGGGTGGTGGCCTGGGATCCATCTTCACCCATGTCTTTTTGCGTACTACCTGTTTCCTT
k__Fungi,p__Basidiomycota,c__Agaricomycetes,o__Agaricales,f__Inocybaceae,g__Pseudosperma,s__aureocitrinum,GTGCACGCTTGTCATTTATTTATTTATTTCCACCTGTGCACCTTTTTGTAGACCCTTAGGAGAAAGCAAACTGTCTTGAGCAATCGGGATTGTGGGGACTGCTGTGCCCTTTCAAGTGAATGCCAGCTTTTCCTTGTCTCTCTAGGTTCTATGTTACTCACATACTCCTATGAATGTAATAGAATGTTGAT
k__Fungi,p__Ascomycota,c__Eurotiomycetes,o__Eurotiales,f__Aspergillaceae,g__Penicillium,NA,CGGATCTCTTGGTTCCGGCATCGATGAAGAACGCAGCGAAATGCGATAAATAATGTGAATTGCAGAATTCAGTGAATCATCGAGTCTTTGAACGCACATTGCGCCC
k__Fungi,p__Ascomycota,c__Dothideomycetes,o__Capnodiales,f__Cladosporiaceae,g__Cladosporium,s__sphaerospermum,ACATCAAAACTCTTGCGTAACTTTGCAGTCTGAGTAAATTTAATTAATAAATTAAAACTTTCAACAACGGATCTCTTGGTTCTGGCATCGATGAAGAACGCAGCGAAATGCGATAAGTAATGTGAATTGCAGAATTCAGTGAATCATCGAATC
k__Fungi,p__Ascomycota,c__Pezizomycetes,o__Pezizales,f__Tuberaceae,g__Tuber,s__whetstonense,CTCTAAACTTACTGTCTGAGAAGGCCATGTGCCGTAATCTTTAAACATTTTAAAACTTTCAACAACGGATCTCTTGGTTCTCGCATCGATGAAGAACGCAGCGAAATGCGATAAGTAATGTGAATTGCAGAATTCAGTGAATCATCGAATCTTTGAACGCACATTGCGCCCTTTGGTATTCCATAGGGCATGCCTGTTCGAGCGTCACTAACAACCCCATCATACAAGAGTGTGGTATTGGCAGAAGTGGGTAGGGCTAGCAGTGCTGGTCCCACTCTGCTGGAATGAATAGGCCGGAAATGCAGACCATGGC
k__Fungi,p__Ascomycota,c__Dothideomycetes,o__Capnodiales,f__Cladosporiaceae,g__Cladosporium,s__sphaerospermum,CAAAACTCTTGCGTAACTTTGCAGACTGAGTAAATTTAATTAATAAATTAAAACTTTCAACAACGCTCTCT
k__Fungi,p__Ascomycota,c__Pezizomycetes,o__Pezizales,f__Tuberaceae,g__Tuber,s__whetstonense,TAAAACTCTAAACTTACTGTCTGAGAAGGCCATGTGCCGTAATCTTTAAACATTTTAAAACTTTCAACAACGGATCTCTTGGTTCTCGCATCGATGAAGAACGCAGCGAAATGCGATAAGTAATGTGAATTGCAGAATTCAGTGAATCATCGAATCTTTGAACGCACATTGCGCCCTTTGGTATTCCATAGGGCATGCCTGTTCGAGCGTCACTAACAACCCCATCATACAAGAGTGTGGTATTGGCAGAAGTGGGTAGGGCTAGCAGTGCTGGTCCCACTCTGCTGGAA
k__Fungi,p__Ascomycota,c__Dothideomycetes,o__Pleosporales,f__Pleosporaceae,g__Bipolaris,s__brizae,CACCCATGTCTTTTTGCGTACTACCTGTTTCCTTGGCGAGCGAGCTCGCCAATTGGACCACCAATTAAACCTTTTTGTAATTGCAATCAGCGTCAGATAACACAAATGTAATAAATTACAACTTTCAACAACGGATCTCTTGGTTCTGGCATCGATGAAGAACGCAGCGAAATGCGATAAGTAGTGTGAATTGCAGAATTCAGTGAATCATCGAATCTTTGAACGCACATTGCGCCCTTTGGTATTCCAAAGGGCATGCCTGTTCGAGCG
k__Fungi,p__Ascomycota,c__Pezizomycetes,o__Pezizales,f__Tuberaceae,g__Tuber,NA,CTTTCAACAACGGTCTCTTGTTCTCGCATCGATGAAGAACGCAGCGAAATGCGATAAGTAATGTGAATTGCAGAATTCAGGAATCATCGAATCTTTGAACGCACATTGCGCCCTTTGTATTCCATAGGGCATGCCTGTTCGAGCGTCACTAACAACCTCATCA
k__Fungi,p__Ascomycota,c__Pezizomycetes,o__Pezizales,f__Tuberaceae,g__Tuber,s__whetstonense,TCTAAACTTACTGTCTGAGAAGGCCACGTGCCGTAATCATTAAATATTTTAAAACTTTCAACAACGGATCTCTTGGTTCTCGCATCGATGAAGAACGCAGCGAAATGCGATAAGTAATGTGAATTGCAGAATTCAGTGAATCATCGAATCTTTGAACGCACATTGCGCCCTTTGGTATTCCATAGGGCATGCCTGTTCGAGCGTCACTAACAACCTCATCATACAAGAGTGTGGTATTGGCAGAAGTGGGTAGGGCTAGCAGTGCTCGTCCCACTCTGCTGGAATGAATAGGCCGGAAA
k__Fungi,p__Ascomycota,c__Pezizomycetes,o__Pezizales,f__Tuberaceae,g__Tuber,NA,CTAAACTTACTGTCTGAGAAGGCCACGTGCCGTAATCATTAAATATTTTAAAACTTTCAACAACGGATCTCTTGGTTCTCGCATCGATGAAGAACGCAGCGAAATGCGATAAGTAATGTGAATTGCAGAATTCAGTGAATCATCGAATCTTTGAACGCACATTGCGCCCTTTGTATTCCATAGGGCATGCCTGTTCGAGCGTCACTAACAACCTCATCATAC
k__Fungi,p__Basidiomycota,c__Agaricomycetes,o__Agaricales,f__Entolomataceae,g__Entoloma,NA,CTCAGAGCATGTGCACGCTCATTCCATTTTTTAAACCACCCGGGGCACCCACTGTA
k__Fungi,p__Basidiomycota,c__Agaricomycetes,o__Agaricales,f__Entolomataceae,g__Entoloma,NA,GCTGGCTCTCAGGAGCATGTGCACGCTCATTCCATTTTTTAAACCACCCGG
k__Fungi,p__Basidiomycota,NA,NA,NA,NA,NA,TCCATTTTTTAAACCACCCGGGGCACACACTGAAACCCAAAGGGATTTTTTTCGGGAAAACTCGGTTTGAGAACGGCGGCAAAAACCA
k__Fungi,p__Basidiomycota,c__Agaricomycetes,o__Agaricales,f__Entolomataceae,g__Entoloma,NA,TGCTGCTGCTCTCAGGAGCATGTGCACGCTCATTCCATTTTTTAAACCACCCGGGGCACCCCCTGAA
k__Fungi,p__Basidiomycota,c__Agaricomycetes,o__Agaricales,NA,NA,NA,CTCAGGAGCATGTGCACGCTCATTCCATTTTTTAAACCACCCGGGGCCCCCCCG
