Name,% GC,% HQ,% LQ,% MQ,Ambiguities,At least Q20,At least Q30,At least Q40,Bin,Created Date,Description,Failed Binning Fields,Modified,Molecular Weight (kDa),Molecule Type,Post-Trim Length,Rough Temperature (Â°C),Sequence,Sequence Length,Sequence List Name,Size,Topology,URN
SOS Assembly 1 Contig 2,,,,,,,,,,,20 reads from SOS assembled using Geneious,,Wed Jun 01 09:54:31 PDT 2022,,DNA,,,ACAGAGTGCAAAACTCCCTAAACCATTGTGAACGTTACCTACACCGTTGCTTCGCYCACCRRCCCACTGTGWWMMYMCCYACGYKGCTTYGGCGGCCACCKYCGGCSCCCGCCGGA-G-YCAMMAMACTCTTGTN-T-TNT-T-TG-CATCT-CTGAGT-AKMKTATAR-AATAA-K-KWAAAACTTTCAACAACGRWTCTCTTGKYTCTG-CATCGATGAAGAACGCAGCGAAATGCGAWAAGTAATGTGAATTGCAGAATTCAGTGAATCATCGAATCTTTGAACGCACATTGCGCCCGCTAGWATTCTGKCGGGCATGCCTGTYCGAGCGTCATTTCAACCMTYMAGSCCCYCSTTCYKGNGTTGAMRCCCTGYKGGCGRTCGCAGCSTCCCNAAAATSAKNGGCGC-TTTTGMRAAWCACSCCCGGAGCGCAGTMGWTSAC,,sos_assembly1 Contig 1,,linear,
SOS-013-1-1-a_ITS1F_A01.ab1,53.70%,42.10%,18.80%,39.10%,0,81.16%,66.76%,42.11%,<1>Low,Wed May 25 20:12:50 PDT 2022,,"% HQ, % LQ",Wed Jun 01 09:29:03 PDT 2022,111.20381,DNA,361,89.53268698,ACAGAGTGCAAAACTCCCTAAACCATTGTGAACGTTACCTACACCGTTGCTTCGGCGGGCGGCCCCGGGGTTTACCCCCCGGGCGCCCCTGGGCCCCACCGCGGGCGCCCGCCGGA-G-TCACCAAACTCTTGATA-ATTTATG-G-CCTCT-CTGAGTCTTCTGTACTGAATAA--GTCAAAACTTTCAACAACGGATCTCTTGGTTCTGGCATCGATGAAGAACGCAGCGAAATGCGATAAGTAATGTGAATTGCAGAATTCAGTGAATCATCGAATCTTTGAACGCACATTGCGCCCGCCAGTATTCTGGCGGGCATGCCTGTTCGAGCGTCATTTCAACCATCAAGCCCCCCGGGCTTGTGTTGG----------------------------------------------------------------------------,361,sos_assembly1 Contig 1,111 KB,linear,
SOS-038-4-1-a_ITS1F_A03.ab1,50.80%,74.90%,2.00%,23.10%,0,98.05%,91.86%,74.92%,<1>Low,Thu May 26 07:04:24 PDT 2022,,% HQ,Wed Jun 01 09:42:42 PDT 2022,94.4451,DNA,307,88.01661238,--------------------------------------------AGTT-CTAAACTCACCAACCCACTGTGAACATACCTACGTTGCTTCGGCGGCGGGCTTCGGTCCCCGCCGGGGACCCAAAACACTATT-TT-TA---ACC-GATACCT-CTGAGT-A-ACCAAAA-AATAAATC-AAAACCTTT-AACAACGGATCTCTTGGCTCTGGCATCGATGAAGAACGCAGCGAAATGCGAAAAGTAATGTGAATTGCAGAATTCAGTGAATCATCGAATCTTTGAACGCACATTGCGCCCGCTGGAACTCCGGCGGGCATGCCTGTCCGAGCGTCATTTCAACCCCTCAGGCCCCCCTTCCGGG---------------------------------------------------------------------------------,307,sos_assembly1 Contig 1,165 KB,linear,
SOS-024-4-8-d_ITS1F_D08.ab1,40.40%,2.20%,52.80%,44.90%,0,47.19%,16.85%,2.25%,<1>Low,Thu May 26 07:05:16 PDT 2022,,"% HQ, % LQ, Post-Trim Length",Wed Jun 01 09:37:19 PDT 2022,27.45184,DNA,89,78.58089888,-------------------------------------------------------------------------------------------------------------CGCCG-AAGGCCTACAAACTCTTG---T-GTT-TTTG-CATCT-CTGTGT-AGCTTAT-AGAATAA-GGT-ATAACTTTAATCAACGGATCTCTTGG-TCTG------------------------------------------------------------------------------------------------------------------------------------------------------------------------------------------------------------------------------------------,89,sos_assembly1 Contig 1,129 KB,linear,
SOS-003-4-5-b_ITS1F_D06.ab1,40.20%,1.60%,65.60%,32.80%,0,34.43%,11.48%,1.64%,<1>Low,Thu May 26 07:04:46 PDT 2022,,"% HQ, % LQ, Post-Trim Length",Wed Jun 01 09:21:31 PDT 2022,37.65249,DNA,122,80.43934426,--------------------------------------------------------------------------------------------------------------GCCG-AAGCCCTACAAACTCTTGTT-T-TTT-T--G-CATCT-CTGAGT-AGATTAT-AGAATAA-GGT-AAAACTTTCAACAACGGATCTCTTGG-TCTGA-ATCGACTCTTG-CGCAGCGCAATGTGTAAA-TA-TG----------------------------------------------------------------------------------------------------------------------------------------------------------------------------------------------------,122,sos_assembly1 Contig 1,117 KB,linear,
SOS-009-1-6-b_ITS1F_D02.ab1,38.50%,8.70%,40.00%,51.30%,0,60.00%,36.92%,8.72%,<1>Low,Wed May 25 20:12:46 PDT 2022,,"% HQ, % LQ, Post-Trim Length",Wed Jun 01 09:27:38 PDT 2022,60.3343,DNA,195,81.73589744,-------------------------------------------------------------------------------------------------------------------A-G-GAAATTAACTCTTGTTTTATTT-TG-GA-ATCTTCTGAGTAGTTTTTACA-AATAA---TAAAAACTTTCAACAACGAATCTCTTGCTTCTGTCATCGATGAAGAACGCAGCGAAATGCG-TAAGTAATGAGAATTGCAGAATTCAGTGAATCATCGAATCTTTGAACGCACATTGCGCCCGCCAGTATTCTGGCGGGG-TG----------------------------------------------------------------------------------------------------------------------------,195,sos_assembly1 Contig 1,119 KB,linear,
SOS-020-3-11-g_ITS1F_A02.ab1,31.70%,3.20%,54.00%,42.90%,0,46.03%,19.05%,3.17%,<1>Low,Thu May 26 07:03:54 PDT 2022,,"% HQ, % LQ, Post-Trim Length",Wed Jun 01 09:34:20 PDT 2022,19.33362,DNA,63,71.9984127,------------------------------------------------------------------------------------------------------------------------CCACA-ACTCTTGTT-T-TTT-T--G-CATCT-CTGAGT-ATCTTATAA-AATAA-GG--AAAACTTTCAACAACG---------------------------------------------------------------------------------------------------------------------------------------------------------------------------------------------------------------------------------------------------------,63,sos_assembly1 Contig 1,118 KB,linear,
SOS-024-4-8-b_ITS1F_B08.ab1,33.30%,1.00%,71.70%,27.30%,0,28.28%,9.09%,1.01%,<1>Low,Thu May 26 07:05:22 PDT 2022,,"% HQ, % LQ, Post-Trim Length",Wed Jun 01 09:37:01 PDT 2022,30.61999,DNA,99,76.4010101,-------------------------------------------------------------------------------------------------------------------------GACAAA-TCTTGTT-T-TTT-T--G-CATCT-CTGAGT-AGCTTATAA-AATAA-TG--AAAACTTTCAATAACGAATCTCTTG-TTCTGA-ATCGATGAA-TGCGCAGGGAT-TG----------------------------------------------------------------------------------------------------------------------------------------------------------------------------------------------------------------,99,sos_assembly1 Contig 1,115 KB,linear,
SOS-024-4-8-c_ITS1F_C08.ab1,31.90%,1.40%,41.70%,56.90%,0,58.33%,26.39%,1.39%,<1>Low,Thu May 26 07:05:20 PDT 2022,,"% HQ, % LQ, Post-Trim Length",Wed Jun 01 09:37:11 PDT 2022,22.16447,DNA,72,73.36944444,--------------------------------------------------------------------------------------------------------------------------ACAAACTCTTGTT-T-TTT-T--G-CATCT-CTGAGT-AGCTTATAA-AATAA-GGT-AAAACTTTCAACAACGGATCTCTTG------------------------------------------------------------------------------------------------------------------------------------------------------------------------------------------------------------------------------------------------,72,sos_assembly1 Contig 1,115 KB,linear,
SOS-051-3-8-g_ITS1F_G11.ab1,34.70%,3.40%,42.20%,54.40%,0,57.82%,19.73%,3.40%,<1>Low,Wed May 25 20:14:08 PDT 2022,,"% HQ, % LQ, Post-Trim Length",Wed Jun 01 09:50:26 PDT 2022,45.43365,DNA,147,79.10272109,--------------------------------------------------------------------------------------------------------------------------ACAAACTCTTGT--T-TTT-T--G-CATCT-CTGAGT-AGCTTAT-A-AATAA--GT-AAAACTTTCAACAACGGATCTCTTGTTTCTGACATCGATGAAGAACGCAGCGAAATGCGATAAGTAATGTGAATTGCAGAATTCAGTGAATCATCGAATCTTT------------------------------------------------------------------------------------------------------------------------------------------------------------------,147,sos_assembly1 Contig 1,121 KB,linear,
SOS-038-4-2-h_ITS1F_F04.ab1,31.40%,1.20%,74.40%,24.40%,0,25.58%,5.81%,1.16%,<1>Low,Thu May 26 07:04:06 PDT 2022,,"% HQ, % LQ, Post-Trim Length",Wed Jun 01 09:45:36 PDT 2022,26.44827,DNA,86,74.61395349,--------------------------------------------------------------------------------------------------------------------------ACAAACTCTTGTT-T-TTT-T--G-CATCT-CTGAGT-AGCTTATAA-AATAC-TG-AAAAACTTTCAACAACGAATCACTTG-TTCTGA-ATCG-TGAT-------------------------------------------------------------------------------------------------------------------------------------------------------------------------------------------------------------------------------,86,sos_assembly1 Contig 1,120 KB,linear,
SOS-044-3-5-g_ITS1F_E10.ab1,28.90%,1.30%,75.00%,23.70%,0,25.00%,11.84%,1.32%,<1>Low,Wed May 25 20:13:54 PDT 2022,,"% HQ, % LQ, Post-Trim Length",Wed Jun 01 09:46:45 PDT 2022,23.41431,DNA,76,72.61578947,---------------------------------------------------------------------------------------------------------------------------CAAACTCTTGTT-T-TTT-T--G-CATCT-CTGAGT-AGATTATAA-AATAA-TG-AAAAATTTTCAACAACGAATCTCTTGG-TCTG------------------------------------------------------------------------------------------------------------------------------------------------------------------------------------------------------------------------------------------,76,sos_assembly1 Contig 1,123 KB,linear,
SOS-033-3-7-e_ITS1F_C11.ab1,34.50%,0.00%,72.50%,27.50%,0,27.46%,2.11%,0.00%,<1>Low,Wed May 25 20:14:16 PDT 2022,,"% HQ, % LQ, Post-Trim Length",Wed Jun 01 09:39:41 PDT 2022,44.14284,DNA,142,78.87042254,----------------------------------------------------------------------------------------------------------------------------AAACTCTTGG--T-TTT-T--G-CATCT-CTGAGT-AGATTAT-AGAATAA-GGT-AAAACTTT-AA-ATAACGAATCACTTGTTCTGAATCGATGA-TTGCGCAGGGAAATGCGAAAAGAAGTGTGA-TTG-AGAAT-CAGTG-ATCATCGAATCTTTGA----------------------------------------------------------------------------------------------------------------------------------------------------------------,142,sos_assembly1 Contig 1,120 KB,linear,
SOS-020-3-11-h_ITS1F_B02.ab1,40.00%,0.00%,75.50%,24.50%,0,24.55%,1.82%,0.00%,<1>Low,Thu May 26 07:03:50 PDT 2022,,"% HQ, % LQ, Post-Trim Length",Wed Jun 01 09:34:30 PDT 2022,34.05016,DNA,110,79.79090909,----------------------------------------------------------------------------------------------------------------------------AAACTCGTGTG-T-TTT-T--G-CATCT-CTGAGT-AGCTTATTA-AAGAG-GGCATAA-CTTTCAACAACGGATCACATGTTTCTG-TATCGATGC-GAACGCTGGAATC-GCGATAAATAGT-----------------------------------------------------------------------------------------------------------------------------------------------------------------------------------------------------,110,sos_assembly1 Contig 1,193 KB,linear,
SOS-036-4-4-d_ITS1F_G05.ab1,35.50%,1.30%,56.60%,42.10%,0,43.42%,15.79%,1.32%,<1>Low,Thu May 26 07:04:32 PDT 2022,,"% HQ, % LQ, Post-Trim Length",Wed Jun 01 09:42:24 PDT 2022,23.42326,DNA,76,75.31315789,-----------------------------------------------------------------------------------------------------------------------------AACTCTTGTT-T-TTT-T--G-CATCT-CTGAGT-AGCTTAT-AGAATAA-GG--AAAACTTTCAACAACGG-TCTCTTGG-TCTGA-ATC-------------------------------------------------------------------------------------------------------------------------------------------------------------------------------------------------------------------------------------,76,sos_assembly1 Contig 1,172 KB,linear,
SOS-001-3-7-a_ITS1F_G10.ab1,31.70%,1.70%,63.30%,35.00%,0,36.67%,10.00%,1.67%,<1>Low,Wed May 25 20:13:50 PDT 2022,,"% HQ, % LQ, Post-Trim Length",Wed Jun 01 09:20:06 PDT 2022,18.55613,DNA,60,71.45,-------------------------------------------------------------------------------------------------------------------------------------------------------T-CTG-GT-AGCTTATAA-AATAA-GG-AAAAACTTTCAACAACGTTCTA-TTG-TTCTGA-ATCGATG---------------------------------------------------------------------------------------------------------------------------------------------------------------------------------------------------------------------------------,60,sos_assembly1 Contig 1,122 KB,linear,
SOS-034-4-3-e_ITS1F_C05.ab1,32.80%,4.90%,73.80%,21.30%,0,26.23%,11.48%,4.92%,<1>Low,Thu May 26 07:04:48 PDT 2022,,"% HQ, % LQ, Post-Trim Length",Wed Jun 01 09:39:54 PDT 2022,18.85432,DNA,61,72.08688525,-------------------------------------------------------------------------------------------------------------------------------------------------------------------TTATAA-AATAA-GGT-AAAACTTTCAACAACGAATCACTTG-TTCTGA-ATCGTGATTGCTAGCG------------------------------------------------------------------------------------------------------------------------------------------------------------------------------------------------------------------------,61,sos_assembly1 Contig 1,125 KB,linear,
SOS-020-3-11-f_ITS1F_H01.ab1,43.80%,5.60%,37.10%,57.30%,0,62.92%,24.72%,5.62%,<1>Low,Thu May 26 07:03:24 PDT 2022,,"% HQ, % LQ, Post-Trim Length",Wed Jun 01 09:34:07 PDT 2022,27.59895,DNA,89,79.96292135,---------------------------------------------------------------------------------------------------------------------------------------------------------------------------------------------------------------------ATCGATGAAGAACGCAGCGAAATGCGATAAGTAATGTGAATTGCAGAATTCAGTGAATCATCGAATCTTTGAACGCACATTGCGCCCGC-----------------------------------------------------------------------------------------------------------------------------------------------,89,sos_assembly1 Contig 1,201 KB,linear,
SOS-048-4-6-b_ITS1F_A07.ab1,52.80%,0.00%,67.40%,32.60%,0,32.58%,5.62%,0.00%,<1>Low,Thu May 26 07:05:24 PDT 2022,,"% HQ, % LQ, Post-Trim Length",Wed Jun 01 09:48:27 PDT 2022,27.46875,DNA,89,83.64831461,-----------------------------------------------------------------------------------------------------------------------------------------------------------------------------------------------------------------------------------------------GTAAAAAATGCGAATTGCAGAAT-CAGTGTATCATCGAATCTTTGG-CGCACATTGCGCCCGTCAGCGTCTGTGGGCCCC--CCTGTTCGAGC-----------------------------------------------------------------------------------------------------------------,89,sos_assembly1 Contig 1,191 KB,linear,
SOS-003-4-5-c_ITS1F_E06.ab1,52.20%,0.00%,57.60%,42.40%,0,42.39%,3.26%,0.00%,<1>Low,Thu May 26 07:04:42 PDT 2022,,"% HQ, % LQ, Post-Trim Length",Wed Jun 01 09:21:49 PDT 2022,28.22822,DNA,92,83.62608696,------------------------------------------------------------------------------------------------------------------------------------------------------------------------------------------------------------------------------------------------------------------GAATTCAG-G-ATCATCGAATCTTTGG-CGCACATTGCGCCCGCCAGTATTCTGTGGCT--TGCCTGTTCGAGCGTCATTTCAACCATCAAGCCCCT------------------------------------------------------------------------------------------,92,sos_assembly1 Contig 1,162 KB,linear,
SOS-038-4-1-b_ITS1F_B03.ab1,56.70%,0.80%,56.70%,42.50%,0,43.31%,9.45%,0.79%,<1>Low,Thu May 26 07:04:20 PDT 2022,,"% HQ, % LQ, Post-Trim Length",Wed Jun 01 09:42:57 PDT 2022,39.07619,DNA,127,87.42598425,-------------------------------------------------------------------------------------------------------------------------------------------------------------------------------------------------------------------------------------------------------------------------------------------------------------------TTCTGTGGGAAATGCCTGTTCGAGCGTCATTTCAACCATCAAGCCCCTGTCTTGTGTTGAAA--CCCTGCGGGCGTCCGCAGCCTCCCCAAAATCAGGGGCGCGTTTTGAAAAACACCCCCGGAGCGCA---------,127,sos_assembly1 Contig 1,162 KB,linear,
SOS-038-4-1-f_ITS1F_F03.ab1,53.40%,0.00%,70.30%,29.70%,0,29.66%,1.69%,0.00%,<1>Low,Thu May 26 07:04:04 PDT 2022,,"% HQ, % LQ, Post-Trim Length",Wed Jun 01 09:43:50 PDT 2022,36.40651,DNA,118,85.68135593,#NAME?,118,sos_assembly1 Contig 1,141 KB,linear,
SOS-004-2-2-g_ITS1F_C04.ab1,44.00%,66.90%,6.30%,26.90%,0,93.74%,85.01%,66.89%,<1>Low,Wed May 25 20:13:04 PDT 2022,,% HQ,Wed Jun 01 09:24:13 PDT 2022,187.3336,DNA,607,86.26375618,CACATATATGGGACACTAATGTGGTCCCTTGACTAAAACCCTCTCCGCGTACCAATCTATGTTGCTTTCCTAGGTGGTTGGTTTCAGCTGCCGTCCAACATTGCCTGCTCGCTCAGTCAATCCGAGTTGTTAACTTGGAGTTTGATCTTTTTTTACTGATGGGTTAAGC-TTTAATGGGTCAGCGAGCTTAATTTATATCTATCAGGATCAGCTATGTAGGCCCCTGGGAAAGGGTCCATCGCAAGTGAATATTTCAATCAGCTGTCTGAGTCGGCCTAGTGCCTTATTCTTTAAACAAGTTAAAA--CTTTCAACAACGGATCTCTTG-GCTCTCGCATCGATGAAGAACGCAGCGAAATGCGATAAGTAATGTGAATTGCAGAATTCAGTGAATCATCGAATCTTTGAACGCACATTGCGCCCCTTGGTATTCCTTGGGGCATGCCTGTTCGAGCGTCACTACAAACCCGCTCATAAATGTTATGGTATTGATGGAAGTGAACTGTTGCAACTAAAGTGTGTGGATCACCCCATCGAAATACATAGGCAGGACAACAAACCTCTGTAGCTGACTTAGTAACTGTTTTCAAGACACAAACCAGTCACTTG-----------------------------------------,607,sos_assembly1 Contig 2,123 KB,linear,
SOS Assembly 1 Contig 3,,,,,,,,,,,17 reads from SOS assembled using Geneious,,Wed Jun 01 09:54:32 PDT 2022,,DNA,,,CACATATATGGGACACTAATGTGGTCCCTTGACTAAAACCCTCTCCGCGTACCAATCTATGTTGCTTTCCTAGGTGGTTGGTTTCAGCTGCCGTCCAACATTGCCTGCTAGCTCAGTCAATCCGAGTTGTTAACTTGGAGTTTGATCTTTTTTTACTGATGGGTTAAGC-TTTAATGGGTCAGCGAGCTTAATTTATATCTATCAGGATCAGCTATGTAGGCCCCTGGKAAAGG-TCMATCGCAAGKGARTATTTCAATCAGCTGTCTGAGTCGGCCTAGTGCCTTATTCTTTRAACAAGTTAAAA--CTTTCAACAACGGATCTCTTG-GCTCTCGCATCGATGAAGAACGCAGCGAAATGCGATAAGTAATGTGAATTGCAGAATTCAGTGAATCATCGAATCTTTGAACGCACATTGCGCCCCTTGGTATTCCTTGGGGCATGCCTGTTCGAGCGTCACTACAAACCCGCTCATAAATGTTATGGTATTGATGGAAGTGAACTGTTGCAACTAAAGTGTGTGRATCACCCCATCGAAATACATAGGCAGGACAACRAACCTCTGTAGCTGACTTAGTAACTGTTTTCAAGACACAAACCAGTCACTTGCTAGGTTCTAGCCTGGCTCCTTAGACCTCCATTCAAGATAA,,sos_assembly1 Contig 2,,linear,
SOS-004-2-2-h_ITS1F_D04.ab1,44.70%,72.90%,5.40%,21.70%,0,94.62%,85.81%,72.90%,<1>Low,Wed May 25 20:13:02 PDT 2022,,% HQ,Wed Jun 01 09:24:23 PDT 2022,143.44805,DNA,465,86.24193548,--CATATATGGGACACTAATGTGGTCCCTTGACTAAAACCCTCTCCGCGTACCAATCTATGTTGCTTTCCTAGGTGGTTGGTTTCAGCTGCCGTCCAACATTGCCTGCTAGCTCAGTCAATCCGAGTTGTTAACTTGGAGTTTGATCTTTTTTTACTGATGGGTTAAGC-TTTAATGGGTCAGCGAGCTTAATTTATATCTATCAGGATCAGCTATGTAGGCCCCTGGGAAAGGGTCCATCGCAAGTGAATATTTCAATCAGCTGTCTGAGTCGGCCTAGTGCCTTATTCTTTAAACAAGTTAAAA--CTTTCAACAACGGATCTCTTG-GCTCTCGCATCGATGAAGAACGCAGCGAAATGCGATAAGTAATGTGAATTGCAGAATTCAGTGAATCATCGAATCTTTGAACGCACATTGCGCCCCTTGGTATTCCTTGGGGCATGCCTGTTCGAGCGTCACTACAAACCC-------------------------------------------------------------------------------------------------------------------------------------------------------------------------------------,465,sos_assembly1 Contig 2,122 KB,linear,
SOS-020-3-11-a_ITS1F_C01.ab1,45.20%,72.50%,4.30%,23.20%,0,95.65%,89.69%,72.46%,<1>Low,Thu May 26 07:03:44 PDT 2022,,% HQ,Wed Jun 01 09:33:10 PDT 2022,191.69335,DNA,621,86.80563607,--CATATATGGGACACTAATGTGGTCCCTTGACCAAAACCCTCTCTGCGTACCAATCTATGTTGCTTTCCTAGGTGGTTGGTTTCAGCTGCCGTCCAACATTGCCTGCTAGCTCAGTCAACCCGAGTTGTTCACTTGGAGTTTGATC-TTTTTTACTGATGGGTTAAGC-TTTAGTGGGTCAGCGAGCTTAATTTATATCTATCAGGATCAGCTATGCAGGCCCCTGGGAAAGGGTCCATCCCAAGTGAATATGTCAATCAGCTGTCTGAGTTGGCCTGGTGCCTTATTCTTTGAACAAGTTAAAA--CTTTCAACAACGGATCTCTTG-GCTCTCGCATCGATGAAGAACGCAGCGAAATGCGATAAGTAATGTGAATTGCAGAATTCAGTGAATCATCGAATCTTTGAACGCACATTGCGCCCCTTGGTATTCCTTGGGGCATGCCTGTTCGAGCGTCACTACAAACCCGCTCATAAATGTTATGGTATTGATGGAAGTGAACTGTTGCAACTAAAGTGTGTGAATCACCCCATCGAAATACATAGGCAGGACAACGAACCTCTGTAGCTGACTTAGTAACTGTTTTCAAGACACAAACCAGTCACTTGCTAGGTTCAAGCCTGGC------------------------,621,sos_assembly1 Contig 2,124 KB,linear,
SOS-020-3-11-c_ITS1F_E01.ab1,45.40%,1.60%,53.40%,45.00%,0,46.65%,11.50%,1.60%,<1>Low,Thu May 26 07:03:36 PDT 2022,,"% HQ, % LQ",Wed Jun 01 09:33:36 PDT 2022,96.37645,DNA,313,85.82396166,----------------------GTTTGCTTGACCAAAACCCTCTCTGCGTACCAATCTATGTTGCTTTCCTAGGTGCGTGGATTCAGCTGCCGTCCAACATTGCCTGCTAGCTCAGGCAACCCGAGTTGTTCACTTGAAGTTTGATC-TTTTTTACTGATGGTTTAGGC-TTTAGTGGGTCAGCGAGCTTAATTTATATCTATCAGGATCAGCTATGCAGGCCCCTGGAAAAGGTCCATCCCAAGTGATTATG-TCAATCAGCTGTCTGAGTTGCCCTGGTGCCTTATTCTTTGAACAAGTTAAAA--CTTTCAACAACGGATCTCTTG-GTTCTCGCATC-----------------------------------------------------------------------------------------------------------------------------------------------------------------------------------------------------------------------------------------------------------------------------------------------------------------------,313,sos_assembly1 Contig 2,148 KB,linear,
SOS-003-4-5-d_ITS1F_F06.ab1,46.10%,0.00%,83.00%,17.00%,0,16.97%,5.45%,0.00%,<1>Low,Thu May 26 07:04:38 PDT 2022,,"% HQ, % LQ, Post-Trim Length",Wed Jun 01 09:22:05 PDT 2022,51.06212,DNA,165,84.24545455,----------------------------CGAGGTAAAACCCTCTCCG-TTGCCGATATACGTTGCATTCCTAGGTGG-TGGAATCAGCTGCCGTC-AAGATTGCCTGCTAGCTCAG-GTAGCCGTAAAGGAAACTTGAACTTTCATCAATTTTTACTGA-GGTCTGA-CCTTTAAGGGGG-AGCGAG-TTAAGTTATATCT-------------------------------------------------------------------------------------------------------------------------------------------------------------------------------------------------------------------------------------------------------------------------------------------------------------------------------------------------------------------------------------------------------------------------------------------------------------------,165,sos_assembly1 Contig 2,134 KB,linear,
SOS-004-2-3-a_ITS1F_E04.ab1,42.60%,58.20%,9.60%,32.30%,0,90.43%,82.62%,58.16%,<1>Low,Wed May 25 20:13:00 PDT 2022,,"% HQ, Post-Trim Length",Wed Jun 01 09:24:34 PDT 2022,86.87639,DNA,282,84.44184397,-------------------------------ACTAAAACCCTCTCCGCGTACCAATCTATGTTGCTTTCCTAGGTGGTTGGTTTCAGCTGCCGTCCAACATTGCCTGCTCGCTCAGTCAATCCGAGTTGTTAACTTGGAGTTTGATCTTTTTTTACTGATGGGTTAAGC-TTTAATGGGTCAGCGAGCTTAATTTATATCTATCAGGATCAGCTATGTAGGCCCCTGG-AAAGG-TCCATCGCAAGTGAATATTTCAATCAGCTGTCTGAGTCGGCCTAGTGCCTTATTCTTTAAACAAGTTAAAA--CTTTCAACAA----------------------------------------------------------------------------------------------------------------------------------------------------------------------------------------------------------------------------------------------------------------------------------------------------------------------------------------------,282,sos_assembly1 Contig 2,109 KB,linear,
SOS-004-2-2-f_ITS1F_B04.ab1,42.70%,45.10%,10.90%,44.00%,0,89.08%,71.33%,45.05%,<1>Low,Wed May 25 20:13:06 PDT 2022,,"% HQ, Post-Trim Length",Wed Jun 01 09:23:52 PDT 2022,90.21854,DNA,293,84.57303754,-----------------------------------------TCTCCGCGTACCAATCTATGTTGCTTTCCTAGGTG-TTG-TTTCAGCTGCCGTCCAACATTGCCTGCTAGCTCAGTCAATCCGAGTTGTTAACTTGGAGTTTGATCTTTTTTTACTGATGG-TTAAGC-TTTAATGGGTCAGCGAGCTTAATTTATATCTATCAGGATCAGCTATGTA-GCCCCTGG-AAAGG-TCCATCGCAAGTGAATATTTCAATCAGCTGTCTGAGTCGGCCTAGTGCCTTATTCTTTAAACAAGTTAAAA--CTTTCAACAACGGATCTCTTG-GCTCTCGCATCGAT--------------------------------------------------------------------------------------------------------------------------------------------------------------------------------------------------------------------------------------------------------------------------------------------------------------------,293,sos_assembly1 Contig 2,132 KB,linear,
SOS-020-3-11-b_ITS1F_D01.ab1,43.10%,5.60%,38.10%,56.30%,0,61.88%,30.63%,5.63%,<1>Low,Thu May 26 07:03:40 PDT 2022,,"% HQ, % LQ, Post-Trim Length",Wed Jun 01 09:33:23 PDT 2022,49.39604,DNA,160,82.91875,-------------------------------------------------------TCTATGTTGCTTTCCTAGGTGGTTGGATTCAGCTGCCGTCCAACATTGCCTGCTAGCTCAGTCAACCCGAGTTGTTCACTTGAAGTTTGATC-TTTTTTACTGATGGTTTAGGC-TTTAGTGGGTCAGCGAGCTTAATTTATATCTATCAGGATCAGCTATG---------------------------------------------------------------------------------------------------------------------------------------------------------------------------------------------------------------------------------------------------------------------------------------------------------------------------------------------------------------------------------------------------------------------------------------------------,160,sos_assembly1 Contig 2,153 KB,linear,
SOS-002-4-4-a_ITS1F_D05.ab1,42.60%,2.10%,74.10%,23.80%,1,25.93%,9.52%,2.12%,<1>Low,Thu May 26 07:04:44 PDT 2022,,"% HQ, % LQ, Post-Trim Length",Wed Jun 01 09:20:31 PDT 2022,58.39267,DNA,189,83.21534392,------------------------------------------------------------------TTCCTAGGTGCGCGGATTCAGCTGCCGTCCAACATTGCCTGCTAGCTCAGTCAATCCGAAATGTAAACTTGAAGTTTGATCTTTTTTTACTGAGGGGTTAAGC-TTTAATGGGTCAGCGAGCTTAATTTATATCTATCAGNATCAGCTGTGTAGGCCCCTGATAAAGGCTTTATCGGAACAGTATATTTC------------------------------------------------------------------------------------------------------------------------------------------------------------------------------------------------------------------------------------------------------------------------------------------------------------------------------------------------------------------------------------------------------------,189,sos_assembly1 Contig 2,137 KB,linear,
SOS-038-4-2-a_ITS1F_H03.ab1,43.30%,30.00%,11.30%,58.70%,0,88.67%,62.00%,30.00%,<1>Low,Thu May 26 07:03:56 PDT 2022,,"% HQ, Post-Trim Length",Wed Jun 01 09:44:12 PDT 2022,46.36109,DNA,150,82.73333333,----------------------------------------------------------------------------------TTCAGCTGCCGTCCAACATTGCCTGCTAGCTCAGTCAATCCGAGTTGTTAACTTGGAGTTTGATCTTTTTTTACTGATGGGTTAAGC-TTTAATGGGTCAGCGAGCTTAATTTATATCTATCAGGATCAGCTATGTAGGCCCCTGGGAAAG-----------------------------------------------------------------------------------------------------------------------------------------------------------------------------------------------------------------------------------------------------------------------------------------------------------------------------------------------------------------------------------------------------------------------------------,150,sos_assembly1 Contig 2,138 KB,linear,
SOS-004-2-3-f_ITS1F_H04.ab1,40.50%,7.00%,32.00%,61.00%,1,67.98%,39.91%,7.02%,<1>Low,Wed May 25 20:12:54 PDT 2022,,"% HQ, % LQ, Post-Trim Length",Wed Jun 01 09:25:05 PDT 2022,70.27342,DNA,228,82.99298246,----------------------------------------------------------------------------------------TGCCGTCCAACATTGCCTGCTAGCTCAGTCAATCCGAGTTGTTAACTTGGAGTTTGATCTTTTTTTACTGATGG-TTAAGC-TTTAATGG-TCAGCGAGCTTAATTTATATCTATCAGGATCAGCTATGTA-GCCCCTGG-AAAGG-NCCATCGCAAGTGAATATTTCAATCAGCTGTCTGA-TCGGCCTAGTGCCTTATTCTTTAAACAAGTTAAAA--CTTTCAACAACGGATCT---------------------------------------------------------------------------------------------------------------------------------------------------------------------------------------------------------------------------------------------------------------------------------------------------------------------------------------,228,sos_assembly1 Contig 2,133 KB,linear,
SOS-003-4-5-e_ITS1F_G06.ab1,38.70%,0.00%,74.60%,25.40%,0,25.41%,3.87%,0.00%,<1>Low,Thu May 26 07:04:34 PDT 2022,,"% HQ, % LQ, Post-Trim Length",Wed Jun 01 09:22:27 PDT 2022,55.86833,DNA,181,81.56519337,-------------------------------------------------------------------------------------------------------------------------CCGTGGTGTTAACTTGAAGTTTGATCATTTTTTACTG-TGGTTCTGACCTTTATTGGGACCGCGAGCTTAATTTATATCTATCAGGATCAGCTATGTAAGCCCCTGATAGAATCTTTATCGGAACAGTGTATTTCAATCAGTTGTCTGGGTCGTCCTAGTGCCTTATTCTTTAAACAAGTTA-------------------------------------------------------------------------------------------------------------------------------------------------------------------------------------------------------------------------------------------------------------------------------------------------------------------------------------------------------------,181,sos_assembly1 Contig 2,142 KB,linear,
SOS-002-4-4-c_ITS1F_F05.ab1,42.20%,0.30%,70.60%,29.10%,0,29.39%,7.35%,0.32%,<1>Low,Thu May 26 07:04:36 PDT 2022,,"% HQ, % LQ",Wed Jun 01 09:21:16 PDT 2022,96.35057,DNA,313,84.51405751,---------------------------------------------------------------------------------------------------------------------------------------------------------------------AA-CCTTTAAGGGGACAGCGAGCTTAATTTATATCTATCAGGATCAGCTGTGTAGGCCCCTGATAAAGTCTCCATCGCAACAGTATATTTCAATCAGTTGTCTG-GTCGTCCTAGTGCCTTATTCTTTAAACAAGTTAAAA--CTTTCAACAACGT-TCTCTTGT-CTCTCGCATCGAAGAATCACGCAGCGAAATGCGATATTTAATGTGT-TTGCAGA-TTCAGTGAATCATCGAATCTTTGAACGCACATTGCGCCCCTGGG-ATTCCTTGTAGCATGCATGTTCGACCGTCTCTACAAACCCACTCATAGATGTTATG---------------------------------------------------------------------------------------------------------------------------------------------------------------------,313,sos_assembly1 Contig 2,132 KB,linear,
SOS-002-4-4-b_ITS1F_E05.ab1,41.50%,0.00%,70.40%,29.60%,0,29.63%,4.44%,0.00%,<1>Low,Thu May 26 07:04:40 PDT 2022,,"% HQ, % LQ, Post-Trim Length",Wed Jun 01 09:20:47 PDT 2022,41.55498,DNA,135,81.49259259,----------------------------------------------------------------------------------------------------------------------------------------------------------------------------------------------------------------TCAGCTATGTAGGCCCCTGATAGAGTCTTTATCGGAAGAGTGCATTTCAATCAGTTGTGTGAGTCGTCCTAGTGCCTTATTCTTTACACAAGTTAAAA--CTTTCAACAACGTTTCTCTTGT-CTCTCGCATCGATGA------------------------------------------------------------------------------------------------------------------------------------------------------------------------------------------------------------------------------------------------------------------------------------------------------------------,135,sos_assembly1 Contig 2,151 KB,linear,
SOS-022-1-4-f_ITS1F_H01.ab1,39.80%,11.10%,18.70%,70.20%,0,81.29%,45.61%,11.11%,<1>Low,Wed May 25 20:12:36 PDT 2022,,"% HQ, % LQ, Post-Trim Length",Wed Jun 01 09:35:36 PDT 2022,52.92446,DNA,171,81.80292398,----------------------------------------------------------------------------------------------------------------------------------------------------------------------------------------------------------------------------------------------ATTTAACACCTTCAATTGAATTTGCTGTCTGAGTTGGCCTGGGGCCATGAACTTTGAACAAGTTAAAAAACTTTCAACAACGGATCTCTTG-GCTCTCGCATCGATGAAGAACGCAGCGAAATGCGATAAGTAATGTGAATTGCAGAATTCAGTGAATCATCGAATCTTTGA--------------------------------------------------------------------------------------------------------------------------------------------------------------------------------------------------------------------------------------------------,171,sos_assembly1 Contig 2,130 KB,linear,
SOS-038-4-2-b_ITS1F_A04.ab1,46.60%,0.00%,80.70%,19.30%,0,19.32%,4.55%,0.00%,<1>Low,Thu May 26 07:04:26 PDT 2022,,"% HQ, % LQ, Post-Trim Length",Wed Jun 01 09:44:27 PDT 2022,54.24316,DNA,176,84.70909091,----------------------------------------------------------------------------------------------------------------------------------------------------------------------------------------------------------------------------------------------------------------------------------GCCTAGTGCCTGATTCTTTAAACAAGTTAAAA--CTTTGA-CAACGTTTCATTTGTG--CTCGCATCGAAGAATACCGCAGTGCAGTGCGCCAATTAAAGCGCATTGGAGG-TTCAGTGAACTCTCCTATCTTTGAACGAACATTGCGCCCCTGGG-ATTCCCCGAAGCATGTAAGTTCGACC---------------------------------------------------------------------------------------------------------------------------------------------------------------------------------------------------,176,sos_assembly1 Contig 2,145 KB,linear,
SOS-038-4-2-e_ITS1F_D04.ab1,43.70%,32.50%,7.90%,59.50%,0,92.06%,75.40%,32.54%,<1>Low,Thu May 26 07:04:14 PDT 2022,,"% HQ, Post-Trim Length",Wed Jun 01 09:45:09 PDT 2022,38.62407,DNA,126,82.03809524,#NAME?,126,sos_assembly1 Contig 2,146 KB,linear,
SOS Assembly 1 Contig 1,,,,,,,,,,,23 reads from SOS assembled using Geneious,,Wed Jun 01 09:54:31 PDT 2022,,DNA,,,CATTACACAAGTATGCAAGCCCAGGACTACCGCCCTC-TC-NNNNANNNGNCGGTAGCCGCTAGGATGGGGGTGGTGGCCTGGGATCCATCTTCACCCATGTCTTTTTGCGTACTACCTGTTTCCTTGGCGAGCGMGCTCGCCAATTGGACCACCAATTAAACCTTTTTGTAATTGCAATCAGCGTCAGATAACACAAATGTAATAAATTACAACTTTCAACAACGGATCTCTTGGTTCTGGCATCGATGAAGAACGCAGCGAAATGCGATAAGTAGTGTGAATTGCAGAATTCAGTGAATCATCGAATCTTTGAACGCACATTGCGCCCTTTGGTATTCCAAAGGGCATGCCTGTTCGAGCGTCATTTGTACCCTCAAGCTTTTGCTTGGTGTTGGGCGTTTTTGTCGTGGGTCTGCCCACGACTCGCCTTAAAATCATTGGCAGCCGGCCTACTGGTTTCGGAGCGCAGCACATTTTTGCGCTCAGTCCAGCAGCGGTCACGCGTCCACGAAGCGAA,,sos_assembly1 Contig 3,,linear,
SOS-013-1-1-b_ITS1F_B01.ab1,47.60%,61.40%,8.00%,30.60%,0,91.95%,78.39%,61.38%,<1>Low,Wed May 25 20:12:48 PDT 2022,,% HQ,Wed Jun 01 09:29:14 PDT 2022,134.06883,DNA,435,87.31609195,CATTACACAAGTATGCAAGCCCAGGACTACCGCCCTC-TCCCCTACTTGAGCGGTAGCCGCTAGGATGGGGGTGGTGGCCTGGGATCCATCTTCACCCATGTCTTTTTGCGTACTACCTGTTTCCTTGGCGAGCTCGCTCGCCAATTGGACCACCAATTAAACCTTTTTGTAATTGCAATCAGCGTCAGATAACACAAATGTAATAAATTACAACTTTCAACAACGGATCTCTTGGTTCTGGCATCGATGAAGAACGCAGCGAAATGCGATAAGTAGTGTGAATTGCAGAATTCAGTGAATCATCGAATCTTTGAACGCACATTGCGCCCTTTGGTATTCCAAAGGGCATGCCTGTTCGAGCGTCATTTGTACCCTCAAGCTTTTGCTTGGTGTTGGGCGTTTTTGTCGTGG-TCTGCCCACGACTCGCCTTAAAAT----------------------------------------------------------------------------------,435,sos_assembly1 Contig 3,93 KB,linear,
SOS-014-3-10-d_ITS1F_G12.ab1,61.00%,25.60%,24.40%,50.00%,0,75.61%,53.66%,25.61%,<1>Low,Wed May 25 20:14:08 PDT 2022,,"% HQ, % LQ, Post-Trim Length",Wed Jun 01 09:30:02 PDT 2022,25.29828,DNA,82,86.37317073,CATTACACAAGTATGCAAGCCCAGGACTACCGCCCTC-TCCCCTACTTGAGCGGTAGCCGCTAGGATGGCGGTGGTGGCCTGG----------------------------------------------------------------------------------------------------------------------------------------------------------------------------------------------------------------------------------------------------------------------------------------------------------------------------------------------------------------------------------------------------------------------------------------------------,82,sos_assembly1 Contig 3,125 KB,linear,
SOS-008-1-9-a_ITS1F_A03.ab1,50.20%,75.30%,2.60%,22.10%,0,97.43%,91.70%,75.30%,<1>Low,Wed May 25 20:13:06 PDT 2022,,% HQ,Wed Jun 01 09:26:38 PDT 2022,156.01191,DNA,506,88.59644269,-----CACAAGTATGCAAGCCCAGGACTACCGCCCTC-TCCCCTACTTGAGCGGTAGCCGCTAGGTTGGGGGTGGTGGCCTGGGATCCATCTTCACCCATGTCTTTTTGCGTACTACCTGTTTCCTTGGCGAGCGAGCTCGCCAATTGGACCACCAATTAAACCTTTTTGTAATTGCAATCAGCGTCAGATAACACAAATGTAATAAATTACAACTTTCAACAACGGATCTCTTGGTTCTGGCATCGATGAAGAACGCAGCGAAATGCGATAAGTAGTGTGAATTGCAGAATTCAGTGAATCATCGAATCTTTGAACGCACATTGCGCCCTTTGGTATTCCAAAGGGCATGCCTGTTCGAGCGTCATTTGTACCCTCAAGCTTTTGCTTGGTGTTGGGCGTTTTTGTCGTGGGTCTGCCCACGACTCGCCTTAAAATCATTGGCAGCCGGCCTACTGGTTTCGGAGCGCAGCACATTTTTGCGCTCAGTCCAGCAGCGGTCACGCGTCCACG-------,506,sos_assembly1 Contig 3,113 KB,linear,
SOS-011-1-7-d_ITS1F_H02.ab1,47.90%,39.40%,6.70%,53.90%,0,93.35%,76.15%,39.45%,<1>Low,Wed May 25 20:12:38 PDT 2022,,% HQ,Wed Jun 01 09:28:42 PDT 2022,134.41404,DNA,436,87.46284404,-----CACAAGTATGCAAGCCCAGGACTACCGCCCTC-TCCCCTACTTGAGCGGTAGCCGCTAGGATGGGGGTGGTGGCCTGGGATCCATCTTCACCCATGTCTTTTTGCGTACTACCTGTTTCCTTGGCGAGCTCGCTCGCCAATTGGACCACCAATTAAACCTTTTTGTAATTGCAATCAGCGTCAGATAACACAAATGTAATAAATTACAACTTTCAACAACGGATCTCTTGGTTCTGGCATCGATGAAGAACGCAGCGAAATGCGATAAGTAGTGTGAATTGCAGAATTCAGTGAATCATCGAATCTTTGAACGCACATTGCGCCCTTTGGTATTCCAAAGGGCATGCCTGTTCGAGCGTCATTTGTACCCTCAAGCTTTTGCTTGGTGTTGGGCGTTTTTGTCGTGGGTCTGCCCACGACTCGCCTTAAAATCATTG-----------------------------------------------------------------------------,436,sos_assembly1 Contig 3,121 KB,linear,
SOS-044-3-5-c_ITS1F_B10.ab1,47.70%,40.70%,8.00%,51.40%,0,92.05%,71.87%,40.67%,<1>Low,Wed May 25 20:14:02 PDT 2022,,% HQ,Wed Jun 01 09:46:14 PDT 2022,100.76027,DNA,327,86.87186544,-------CAAGTATGCAAGCCCAGGACTACCGCCCTCCTCCCCTACTTGAGCGGTAGCCGCTAGGTTGGGGGTGGTGGCCTGGGATCCATCTTCACCCATGTCTTTTTGCGTACTACCTGTTTCCTTGGCGAGCTCGCTCGCCAATTGGACCACCAACTAAACCTTTTTGTAATTGCAATCAGCGTCAGATAACACAAATGTAATAAATTACAACTTTCAACAACGGATCTCTTGGTTCTGGCATCGATGAAGAACGCAGCGAAATGCGATAAGTAGTGTGAATTGCAGAATTCAGTGAATCATCGAATCTTTGAACGCACATTGCGCCCTTTG-----------------------------------------------------------------------------------------------------------------------------------------------------------------------------------------,327,sos_assembly1 Contig 3,115 KB,linear,
SOS-050-4-3-b_ITS1F_H04.ab1,49.20%,71.60%,2.60%,25.80%,0,97.42%,90.97%,71.61%,<1>Low,Thu May 26 07:03:58 PDT 2022,,% HQ,Wed Jun 01 09:49:17 PDT 2022,143.45184,DNA,465,88.09354839,--------AAGTATGCAAGCCCAGGACTACCGCCCTC-TCCCCTACTTGAGCGGTAGCCGCTAGGTTGGGGGTGGTGGCCTGGGATCCATCTTCACCCATGTCTTTTTGCGTACTACCTGTTTCCTTGGCGAGCGAGCTCGCCAATTGGACCACCAATTAAACCTTTTTGTAATTGCAATCAGCGTCAGATAACACAAATGTAATAAATTACAACTTTCAACAACGGATCTCTTGGTTCTGGCATCGATGAAGAACGCAGCGAAATGCGATAAGTAGTGTGAATTGCAGAATTCAGTGAATCATCGAATCTTTGAACGCACATTGCGCCCTTTGGTATTCCAAAGGGCATGCCTGTTCGAGCGTCATTTGTACCCTCAAGCTTTTGCTTGGTGTTGGGCGTTTTTGTCGTGGGTCTGCCCACGACTCGCCTTAAAATCATTGGCAGCCGGCCTACTGGTTTCGGAGCGCAGCAC---------------------------------------------,465,sos_assembly1 Contig 3,112 KB,linear,
SOS-001-3-7-b_ITS1F_H10.ab1,41.80%,23.50%,13.10%,63.40%,0,86.93%,60.78%,23.53%,<1>Low,Wed May 25 20:13:48 PDT 2022,,"% HQ, Post-Trim Length",Wed Jun 01 09:20:22 PDT 2022,46.79136,DNA,153,82.20196078,--------------------------------------------------------------------------------------CCATCTTCACCCATGTCTTTTTGCGTACTACCTGTTTCCTTGGCGAGCTCGCTCGCCAATTGCACCACCAACTAAACCTTTTTGTAATTGCAATCAGCGTCAGATAACACAAATGTAATAAATTACAACTTTCAACAACGGATCTCTTGGTTC----------------------------------------------------------------------------------------------------------------------------------------------------------------------------------------------------------------------------------------------------------------------------------------,153,sos_assembly1 Contig 3,127 KB,linear,
SOS-044-3-5-d_ITS1F_C10.ab1,41.90%,5.20%,23.90%,71.00%,0,76.13%,32.26%,5.16%,<1>Low,Wed May 25 20:14:00 PDT 2022,,"% HQ, % LQ, Post-Trim Length",Wed Jun 01 09:46:24 PDT 2022,47.42477,DNA,155,82.3,--------------------------------------------------------------------------------------CCATCTTCACCCATGTCTTTTTGCGTACTACCTGTTTCCTTGGCGAGCTCGCTCGCCAATTGCACCACCAACTAAACCTTTTTGTAATTGCAATCAGCGTCAGATAACACAAATGTAATAAATTACAACTTTCAACAACGGATCTCTTGGTTCTG--------------------------------------------------------------------------------------------------------------------------------------------------------------------------------------------------------------------------------------------------------------------------------------,155,sos_assembly1 Contig 3,131 KB,linear,
SOS-013-1-1-c_ITS1F_C01.ab1,36.20%,2.90%,32.40%,64.80%,0,67.62%,12.38%,2.86%,<1>Low,Wed May 25 20:12:46 PDT 2022,,"% HQ, % LQ, Post-Trim Length",Wed Jun 01 09:29:27 PDT 2022,32.23301,DNA,105,77.94761905,----------------------------------------------------------------------------------------------------------------------------------GAGCTCGCTCGCCAATTGAACCACCAATTAAACCTTTTTGTAATTGCAATCAGCGTCAGATAACACAAATGTAATAAATTACAACTTTCAACAACGAATCTCTTG--------------------------------------------------------------------------------------------------------------------------------------------------------------------------------------------------------------------------------------------------------------------------------------------,105,sos_assembly1 Contig 3,127 KB,linear,
SOS-048-4-6-a_ITS1F_H06.ab1,38.60%,1.30%,41.20%,57.50%,0,58.82%,29.41%,1.31%,<1>Low,Thu May 26 07:04:30 PDT 2022,,"% HQ, % LQ, Post-Trim Length",Wed Jun 01 09:48:15 PDT 2022,47.36188,DNA,153,80.8620915,------------------------------------------------------------------------------------------------------------------------------------------------------CCACCAATTAAACCTTTTTGTAATTGCAATCAGCG-CAGA-AACACAAATGTAATAAATTACAACTTTCAACAACGGATCTCTTGGTTCTGT-ATCGATGAAGAACGCAGCGAAATGCGAAAAGTAGGGTGAATTGCAGAATTCAGGGAATCATCG---------------------------------------------------------------------------------------------------------------------------------------------------------------------------------------------------------------------,153,sos_assembly1 Contig 3,121 KB,linear,
SOS-050-4-3-c_ITS1F_A05.ab1,40.00%,36.40%,11.80%,51.80%,0,88.18%,69.55%,36.36%,<1>Low,Thu May 26 07:04:54 PDT 2022,,"% HQ, Post-Trim Length",Wed Jun 01 09:49:47 PDT 2022,67.94522,DNA,220,82.74545455,-------------------------------------------------------------------------------------------------------------------------------------------------------CACCAATTAAACCTTTTTGTAATTGCAATCAGCGTCAGATAACACAAATGTAATAAATTACAACTTTCAACAACGGATCTCTTGGTTCTGGCATCGATGAAGAACGCAGCGAAATGCGATAAGTAGTGTGAATTGCAGAATTCAGTGAATCATCGAATCTTTGAACGCACATTGCGCCCTTTG-TATTCCAAAGGGCATGCCTGTTCGAGCGTCATTTGTA---------------------------------------------------------------------------------------------------------------------------------------------------,220,sos_assembly1 Contig 3,110 KB,linear,
SOS-014-3-10-e,32.60%,3.40%,38.20%,58.40%,0,61.80%,31.46%,3.37%,<1>Low,Wed May 25 20:14:06 PDT 2022,,"% HQ, % LQ, Post-Trim Length",Wed Jun 01 09:30:51 PDT 2022,27.36687,DNA,89,75.35617978,--------------------------------------------------------------------------------------------------------------------------------------------------------ACCAATTAAACCTTTTTGTAATTGCAATCAGCGTCAGATAACACAAATGTAATAAATTACAACTTTCAACAACGGATCTCTTGGTTCTG--------------------------------------------------------------------------------------------------------------------------------------------------------------------------------------------------------------------------------------------------------------------------------------,89,sos_assembly1 Contig 3,121 KB,linear,
SOS-020-3-11-d_ITS1F_F01.ab1,45.40%,0.70%,63.10%,36.20%,0,36.88%,8.51%,0.71%,<1>Low,Thu May 26 07:03:32 PDT 2022,,"% HQ, % LQ, Post-Trim Length",Wed Jun 01 09:33:52 PDT 2022,43.6033,DNA,141,83.3,---------------------------------------------------------------------------------------------------------------------------------------------------------------------------------------------------------------------ACTTTAATTAACGAATCTCTTG-TTCTGACATCGATGAAGAGCGCAGCGAT-TGCGA-AA-TAGTGTGAATTGCAGAAATCAGTGAATCATCGAATCTTTGAACGCACATTGCGCCCGTAGTAGTCAGTGGGCCCC--CCTGTTCGA---------------------------------------------------------------------------------------------------------------------------------------------------------------,141,sos_assembly1 Contig 3,174 KB,linear,
SOS-009-1-6-a_ITS1F_C02.ab1,49.40%,38.60%,6.70%,54.70%,0,93.31%,72.83%,38.58%,<1>Low,Wed May 25 20:12:48 PDT 2022,,% HQ,Wed Jun 01 09:27:01 PDT 2022,156.71943,DNA,508,88.27834646,CATTACACAAGTATGCAAGCCCAGGACTACCGCCCTCTCAGCGGTAGCCGTTAGGATGGGGGTGGTGGCCTGGAATCCATCTTCACCCATGTCTTTTTGCGTACTACCTGTTTCCTTGGCGAGCGAGCTCGCCAATTGGACCACCAATTAAACCTTTTTGTAATTGCAATCAGCGTCAGATAACACAAATGTAATAAATTACAACTTTCAACAACGGATCTCTTGGTTCTGGCATCGATGAAGAACGCAGCGAAATGCGATAAGTAGTGTGAATTGCAGAATTCAGTGAATCATCGAATCTTTGAACGCACATTGCGCCCTTTGGTATTCCAAAGGGCATGCCTGTTCGAGCGTCATTTGTACCCTCAAGCTTTTGCTTGGTGTTGGGCGTTTTTGTCGTGGGTCTGCCCACGACTCGCCTTAAAATCATTGGCAGCCGGCCTACTGGTTTCGGAGCGCAGCACATTTTTGCGCTCAGTCCAGCAGCGGTCACGCGTCCACGAA-GCGA-,508,sos_assembly1 Contig 4,121 KB,linear,
SOS-006-3-12-b_ITS1F_D02.ab1,49.40%,36.00%,9.10%,54.90%,0,90.91%,72.33%,35.97%,<1>Low,Thu May 26 07:03:42 PDT 2022,,% HQ,Wed Jun 01 09:25:53 PDT 2022,156.11704,DNA,506,88.27233202,-ATTACACAAGTATGCAAGCCCAGGACTACCGCCCTCTCAGCGGTAGCCGTTAGGATGGGGGTGGTGGCCTGGGATCCATCTTCACCCATGTCTTTTTGCGTACTACCTGTTTCCTTGGCGAGCGAGCTCGCCAATTGGACCACCAATTAAACCTTTTTGTAATTGCAATCAGCGTCAGATAACACAAATGTAATAAATTACAACTTTCAACAACGGATCTCTTGGTTCTGGCATCGATGAAGAACGCAGCGAAATGCGATAAGTAGTGTGAATTGCAGAATTCAGTGAATCATCGAATCTTTGAACGCACATTGCGCCCTTTGGTATTCCAAAGGGCATGCCTGTTCGAGCGTCATTTGTACCCTCAAGCTTTTGCTTGGTGTTGGGCGTTTTTGTCGTGGGTCTGCCCACGACTCGCCTTAAAATCATTGGCAGCCGGCCTACTGGTTTCGGAGCGCAGCACATTTTTGCGCTCAGTCCAGCAGCGGTCACGCGTCCACGAAAGC---,506,sos_assembly1 Contig 4,119 KB,linear,
SOS-011-1-7-c_ITS1F_G02.ab1,49.80%,69.60%,2.80%,27.60%,0,97.22%,89.68%,69.64%,<1>Low,Wed May 25 20:12:40 PDT 2022,,% HQ,Wed Jun 01 09:28:33 PDT 2022,155.51563,DNA,504,88.42896825,---TACACAAGTATGCAAGCCCAGGACTACCGCCCTCTCAGCGGTAGCCGTTAGGATGGGGGTGGTGGCCTGGGATCCATCTTCACCCATGTCTTTTTGCGTACTACCTGTTTCCTTGGCGAGCGAGCTCGCCAATTGGACCACCAATTAAACCTTTTTGTAATTGCAATCAGCGTCAGATAACACAAATGTAATAAATTACAACTTTCAACAACGGATCTCTTGGTTCTGGCATCGATGAAGAACGCAGCGAAATGCGATAAGTAGTGTGAATTGCAGAATTCAGTGAATCATCGAATCTTTGAACGCACATTGCGCCCTTTGGTATTCCAAAGGGCATGCCTGTTCGAGCGTCATTTGTACCCTCAAGCTTTTGCTTGGTGTTGGGCGTTTTTGTCGTGGGTCTGCCCACGACTCGCCTTAAAATCATTGGCAGCCGGCCTACTGGTTTCGGAGCGCAGCACATTTTTGCGCTCAGTCCAGCAGCGGTCACGCGTCCACGAA-GCG--,504,sos_assembly1 Contig 4,114 KB,linear,
SOS-022-1-4-a_ITS1F_E01.ab1,46.80%,73.90%,2.40%,23.70%,0,97.63%,89.74%,73.95%,<1>Low,Wed May 25 20:12:42 PDT 2022,,% HQ,Wed Jun 01 09:34:43 PDT 2022,117.27001,DNA,380,86.79473684,---TACACAAGTATGCAAGCCCAGGACTACCGCCCTCTCAGCGGTAGCCGTTAGGATGGGGGTGGTGGCCTGGGATCCATCTTCACCCATGTCTTTTTGCGTACTACCTGTTTCCTTGGCGAGCGAGCTCGCCAATTGGACCACCAATTAAACCTTTTTGTAATTGCAATCAGCGTCAGATAACACAAATGTAATAAATTACAACTTTCAACAACGGATCTCTTGGTTCTGGCATCGATGAAGAACGCAGCGAAATGCGATAAGTAGTGTGAATTGCAGAATTCAGTGAATCATCGAATCTTTGAACGCACATTGCGCCCTTTGGTATTCCAAAGGGCATGCCTGTTCGAGCGTCATTTGTACCCTCAAGCTTTTGCTTGGTG-------------------------------------------------------------------------------------------------------------------------------,380,sos_assembly1 Contig 4,113 KB,linear,
SOS-014-3-10-c_ITS1F_F12.ab1,63.10%,12.30%,43.10%,44.60%,0,56.92%,36.92%,12.31%,<1>Low,Wed May 25 20:14:10 PDT 2022,,"% HQ, % LQ, Post-Trim Length",Wed Jun 01 09:29:51 PDT 2022,20.195,DNA,65,85.16153846,---TACACAAGTATGCAAGCCCAGGACTACCGCCCTCTCAGCG-TAGC-GTTAGG-TGGGGG-GG-GGCCTGG-----------------------------------------------------------------------------------------------------------------------------------------------------------------------------------------------------------------------------------------------------------------------------------------------------------------------------------------------------------------------------------------------------------------------------------------------------,65,sos_assembly1 Contig 4,123 KB,linear,
SOS-054-3-10-a_ITS1F_D12.ab1,46.80%,59.10%,4.80%,36.00%,0,95.16%,87.63%,59.14%,<1>Low,Wed May 25 20:14:14 PDT 2022,,% HQ,Wed Jun 01 09:51:43 PDT 2022,114.7764,DNA,372,86.73010753,----ACACAAGTATGCAAGCCCAGGACTACCGCCCTCTCAGCGGTAGCCGTTAGGATGGGGGTGGTGGCCTGGGATCCATCTTCACCCATGTCTTTTTGCGTACTACCTGTTTCCTTGGCGAGCGAGCTCGCCAATTGGACCACCAATTAAACCTTTTTGTAATTGCAATCAGCGTCAGATAACACAAATGTAATAAATTACAACTTTCAACAACGGATCTCTTGGTTCTGGCATCGATGAAGAACGCAGCGAAATGCGATAAGTAGTGTGAATTGCAGAATTCAGTGAATCATCGAATCTTTGAACGCACATTGCGCCCTTTGGTATTCCAAAGGGCATGCCTGTTCGAGCGTCATTTGTACCCTCAAGCTTTTG--------------------------------------------------------------------------------------------------------------------------------------,372,sos_assembly1 Contig 4,114 KB,linear,
SOS-006-3-12-a_ITS1F_C02.ab1,46.50%,61.30%,5.00%,33.60%,0,94.97%,83.96%,61.32%,<1>Low,Thu May 26 07:03:46 PDT 2022,,% HQ,Wed Jun 01 09:25:40 PDT 2022,98.12963,DNA,318,86.33773585,----ACACAAGTATGCAAGCCCAGGACTACCGCCCTCTCAGCGGTAGCCGTTAGGATGGGGGTGGTGGCCTGGGATCCATCTTCACCCATGTCTTTTTGCGTACTACCTGTTTCCTTGGCGAGCGAGCTCGCCAATTGGACCACCAATTAAACCTTTTTGTAATTGCAATCAGCGTCAGATAACACAAATGTAATAAATTACAACTTTCAACAACGGATCTCTTGGTTCTGGCATCGATGAAGAACGCAGCGAAATGCGATAAGTAGTGTGAATTGCAGAATTCAGTGAATCATCGAATCTTTGAACGCACATTGCGCCCTT--------------------------------------------------------------------------------------------------------------------------------------------------------------------------------------------,318,sos_assembly1 Contig 4,113 KB,linear,
SOS-043-4-8-g_ITS1F_F08.ab1,49.80%,72.00%,2.00%,26.00%,0,98.02%,92.46%,72.02%,<1>Low,Thu May 26 07:05:06 PDT 2022,,% HQ,Wed Jun 01 09:45:51 PDT 2022,155.52464,DNA,504,88.42896825,-----CACAAGTATGCAAGCCCAGGACTACCGCCCTCTCAGCGGTAGCCGTTAGGATGGGGGTGGTGGCCTGGGATCCATCTTCACCCATGTCTTTTTGCGTACTACCTGTTTCCTTGGCGAGCGAGCTCGCCAATTGGACCACCAATTAAACCTTTTTGTAATTGCAATCAGCGTCAGATAACACAAATGTAATAAATTACAACTTTCAACAACGGATCTCTTGGTTCTGGCATCGATGAAGAACGCAGCGAAATGCGATAAGTAGTGTGAATTGCAGAATTCAGTGAATCATCGAATCTTTGAACGCACATTGCGCCCTTTGGTATTCCAAAGGGCATGCCTGTTCGAGCGTCATTTGTACCCTCAAGCTTTTGCTTGGTGTTGGGCGTTTTTGTCGTGGGTCTGCCCACGACTCGCCTTAAAATCATTGGCAGCCGGCCTACTGGTTTCGGAGCGCAGCACATTTTTGCGCTCAGTCCAGCAGCGGTCACGCGTCCACGAA-GCGAA,504,sos_assembly1 Contig 4,112 KB,linear,
SOS-050-4-3-a_ITS1F_G04.ab1,42.80%,0.00%,76.30%,23.70%,0,23.68%,4.61%,0.00%,<1>Low,Thu May 26 07:04:02 PDT 2022,,"% HQ, % LQ, Post-Trim Length",Wed Jun 01 09:49:06 PDT 2022,46.67229,DNA,152,82.55657895,------------------------------------------------------------------------GGCTCCATCTTCACCCATGTCTGTTTGCGTACTACCTGGT-CCTTGGAGAGCGAACTCGCCAATTGTCACAAAAATTAAACTTTTTTCTG-TTGCAATCAGCGGCAC-TAACACAAATGTA-TAA-TTACAACTTTCAACAACGGATCTCTTGGG-CT----------------------------------------------------------------------------------------------------------------------------------------------------------------------------------------------------------------------------------------------------------------------------------------,152,sos_assembly1 Contig 4,123 KB,linear,
SOS-031-4-7-a_ITS1F_F07.ab1,40.90%,29.90%,6.50%,63.60%,0,93.51%,61.04%,29.87%,<1>Low,Thu May 26 07:05:06 PDT 2022,,"% HQ, Post-Trim Length",Wed Jun 01 09:38:21 PDT 2022,47.15061,DNA,154,81.85194805,----------------------------------------------------------------------------CCATCTTCACCCATGTCTTTTTGCGTACTACCTGTTTCCTTGGCGAGCGAGCTCGCCAATTGTCCCACCAATTAAACCTTTTTGTAATTGCAATCAGCGTCAGATAACACAAATGTAATAAATTACAACTTTCAACAACGGATCTCTTGGTTCT----------------------------------------------------------------------------------------------------------------------------------------------------------------------------------------------------------------------------------------------------------------------------------------,154,sos_assembly1 Contig 4,124 KB,linear,
SOS-004-2-3-b_ITS1F_F04.ab1,51.10%,61.60%,5.30%,33.10%,0,94.73%,86.92%,61.60%,<1>Low,Wed May 25 20:12:58 PDT 2022,,% HQ,Wed Jun 01 09:24:44 PDT 2022,146.33264,DNA,474,88.86118143,TCATAACCCTTTGTTGTCCGACTCTGTTGCCTCCGGGGCGACCCTGCCTT--C--GGGCGGGGGCTCCGGGTGGACACTTCA-AACTCTTGCGTAACTTTGCAGTCTGAGTAAACTTAATTAATAAATTAAAACTTTTAACAACGGATCTCTTGGTTCTGGCATCGATGAAGAACGCAGCGAAATGCGATAAGTAATGTGAATTGCAGAATTCAGTGAATCATCGAATCTTTGAACGCACATTGCGCCCCCTGGTATTCCGGGGGGCATGCCTGTTCGAGCGTCATTTCACCACTCAAGCCTCGCTTGGTATTGGGCAACGCGGTCCGCCGCGTGCCTCAAATCGTCCGGCTGGGTCTTCTGTCCCCTAAGCGTTGTGGAAACTATTCGCTAAAGGGTGTTCGGGAGGCTACGCCGTAAAACAACCCCATTTCTAAGGTTGACCTCGGATCAGGTAGGGATACCCGCTGAACTTAAGCA,474,sos_assembly1 Contig 5,155 KB,linear,
SOS Assembly 1 Contig 5,,,,,,,,,,,7 reads from SOS assembled using Geneious,,Wed Jun 01 09:54:33 PDT 2022,,DNA,,,TCATAACCCTTTGTTGTCCGACTCTGTTGCCTCCGGGGCGACCCTGCCTT--CACGGGCGGGGSCTCCGGNTGGACACTTCA-AACTCTTGCGTAACTTTGCAGTCTGAGTAAAYTTAATTAATAAATTAAAACTTTYAACAACGGATCTCTTGGTTCTGGCATCGATGAAGAACGCAGCGAAATGCGATAAGTAATGTGAATTGCAGAATTCAGTGAATCATCGAATCTTTGAACGCACATTGCGCCCCCTGGTATTCCGGGGGGCATGCCTGTTCGAGCGTCATTTCACCACTCAAGCCTCGCTTGSTATTGGGCAACGCGGTCCGCCGCGTGCCTCAAATCGTCCGGCTGGGTCTTCTGTCCCCTAAGCGTTGTGGAAACTATTCGCTAAAGGGTGTTCGGGAGGCTACGCCGTAAAACAACCCCATTTCTAAGGTTGACCTCGGATCAGGTAGGGATACCCGCTGAACTTAAGCA,,sos_assembly1 Contig 5,,linear,
SOS-053-2-6-b_ITS1F_D05.ab1,45.70%,37.40%,14.00%,48.60%,1,85.99%,66.93%,37.35%,<1>Low,Wed May 25 20:13:16 PDT 2022,,"% HQ, Post-Trim Length",Wed Jun 01 09:50:45 PDT 2022,79.1921,DNA,257,85.43618677,TCATAACCCTTTGTTGTCCGACTCTGTTGCCTCCGGN-CGACCCTGCCTTTTCACGGGCGGGGCC-CCGG-TGGACACATCAAAACTCTTGCGTAACTTTGCAGTCTGAGTAAATTTAATTAATAAATTAAAACTTTCAACAACGGATCTCTTGGTTCTGGCATCGATGAAGAACGCAGCGAAATGCGATAAGTAATGTGAATTGCAGAATTCAGTGAATCATCGAATCTTTGAACGCACATTGCGCCCCCTGGTATTCC---------------------------------------------------------------------------------------------------------------------------------------------------------------------------------------------------------------------------,257,sos_assembly1 Contig 5,108 KB,linear,
SOS-046-1-11-a_ITS1F_C03.ab1,51.30%,31.50%,8.20%,60.30%,0,91.80%,67.46%,31.48%,<1>Low,Wed May 25 20:13:02 PDT 2022,,% HQ,Wed Jun 01 09:47:07 PDT 2022,116.65542,DNA,378,88.62275132,---TAACCCTTTGTTGTCCGACTCTGTTGCCTCCGGGGCGACCCTGCCTT--C--GGGCGGGGGCTCCGGGTGGACACTTCA-AACTCTTGCGTAACTTTGCAGTCTGAGTAAACTTAATTAATAAATTAAAACTTTTAACAACGGATCTCTTGGTTCTGGCATCGATGAAGAACGCAGCGAAATGCGATAAGTAATGTGAATTGCAGAATTCAGTGAATCATCGAATCTTTGAACGCACATTGCGCCCCCTGGTATTCCGGGGGGCATGCCTGTTCGAGCGTCATTTCACCACTCAAGCCTCGCTTGGTATTGGGCAACGCGGGCCGCCGCGTGCCTCAAATCGTCCGGCTGGGTCTTCTGTCCCCTAAGCGTTGTGGAAACTAT---------------------------------------------------------------------------------------------,378,sos_assembly1 Contig 5,112 KB,linear,
SOS-022-1-4-d_ITS1F_F01.ab1,29.60%,1.90%,72.20%,25.90%,0,27.78%,10.19%,1.85%,<1>Low,Wed May 25 20:12:40 PDT 2022,,"% HQ, % LQ, Post-Trim Length",Wed Jun 01 09:34:53 PDT 2022,33.3378,DNA,108,75.42962963,--------------------------------------------------------------------GACGTTAACATCAT-AACTCTTGTTTAAGTTTGCAG-ATGATAATATTTAATTAATAAATTATAACTTTCAACAACGTATCTCTTGTTTCTG-TGTCGATGAAGAACGCAG------------------------------------------------------------------------------------------------------------------------------------------------------------------------------------------------------------------------------------------------------------------------------------------------------------,108,sos_assembly1 Contig 5,122 KB,linear,
SOS-022-1-4-g_ITS1F_A02.ab1,23.50%,0.00%,70.60%,29.40%,0,29.41%,10.29%,0.00%,<1>Low,Wed May 25 20:12:52 PDT 2022,,"% HQ, % LQ, Post-Trim Length",Wed Jun 01 09:36:32 PDT 2022,20.97777,DNA,68,69.38823529,---------------------------------------------------------------------------AA--TCTTAACTCTTGTGTAACTTTGCAGA-TGATAAAATTTAAT-AATAAATTAAAACTTTCAACAACGTG--------------------------------------------------------------------------------------------------------------------------------------------------------------------------------------------------------------------------------------------------------------------------------------------------------------------------------------------,68,sos_assembly1 Contig 5,116 KB,linear,
SOS-011-1-7-a_ITS1F_E02.ab1,33.50%,0.00%,55.50%,44.50%,0,44.52%,9.03%,0.00%,<1>Low,Wed May 25 20:12:44 PDT 2022,,"% HQ, % LQ, Post-Trim Length",Wed Jun 01 09:28:09 PDT 2022,47.9413,DNA,155,78.86129032,------------------------------------------------------------------------------ATCATAACTCTTGTTTAAGTTTGC-G-GATGAAATTATTAATTAATAAATTATAACTTTCAACAACG-TGCTCTTGTTTCTG-TATC-ATGAAGAACGCAGCGAAATGCGATAAGTA-TGTGG-TTGCAGAATTCAGTGAATCATCGAATCTTTGATCGCAC-----------------------------------------------------------------------------------------------------------------------------------------------------------------------------------------------------------------------------------------------,155,sos_assembly1 Contig 5,123 KB,linear,
SOS-022-1-4-e_ITS1F_G01.ab1,45.00%,1.30%,52.30%,46.40%,0,47.68%,20.53%,1.32%,<1>Low,Wed May 25 20:12:38 PDT 2022,,"% HQ, % LQ, Post-Trim Length",Wed Jun 01 09:35:06 PDT 2022,46.63027,DNA,151,83.4589404,----------------------------------------------------------------------------------------------------------------------------AACTTAAAACTTTCAACAACG-CTCTCTTG-TTCTGGCATCGATGAAGAACGCAGCGAAAAGCGATAAGTAATGGGAATTGCAGAATTTCGTGAATCATCGAAACTTTGAACGCACATTGCGCCCCCTGG-ATTCCGGGTT-CATGCCTGTTCGA--------------------------------------------------------------------------------------------------------------------------------------------------------------------------------------------------------,151,sos_assembly1 Contig 5,136 KB,linear,
SOS-053-2-6-e_ITS1F_G05.ab1,43.30%,2.10%,26.80%,71.10%,0,73.20%,18.56%,2.06%,<1>Low,Wed May 25 20:13:10 PDT 2022,,"% HQ, % LQ, Post-Trim Length",Wed Jun 01 09:51:14 PDT 2022,29.9965,DNA,97,80.35154639,-------------------------------------------------------------------------------------------------------------------------------------------------------------------TCGATGAAGAACGCAGCGAAATGCAATAAGTAATGTGAATTGCAGAATTCAGTGAATCATCGAATCTTTGAACGCACATTGCGCCCCCTGGTATTCC---------------------------------------------------------------------------------------------------------------------------------------------------------------------------------------------------------------------------,97,sos_assembly1 Contig 5,144 KB,linear,
SOS-017-3-2-e_ITS1F_H08.ab1,37.70%,70.90%,7.00%,22.10%,0,93.03%,85.10%,70.91%,<1>Low,Wed May 25 20:13:26 PDT 2022,,% HQ,Wed Jun 01 09:31:39 PDT 2022,128.79393,DNA,416,83.21105769,TTGATAGTTTTTATTATCAAAAACCC-CT-TTGTCTATCATTTACCATGTTGCTTCCATTGGACAGACCGGCATTGTGTATACAAGTTGGTCCTCTAGTTTTGTGTTTCTTTGGGCACTAGCTAGGGAGCTGCCAGTGGATAGAATCCAAATAAAAAAATTCGTGAAGAAATATATTGTCTGAATTATTAGTACAAAACAAATAAAACTTTCAACAACGGATCTCTAGGCTCTTGCATCGATGAAGAACGCAGTGAAATGCGATAAGTAATGTGAATTGCAGAATCTCGTGAATCATCGAATCTTTGAACGCACATTGCGCCCTATGGAATTCTGTAGGGCATGCCTGTCTGAGCGTCAGCAGCAAAAAATCAAGATCTTTGTAGGTAAAGATTTGGATTTG-TTAAGAGATGTAATCT---------------------------------------------------,416,sos_assembly1 Contig 6,101 KB,linear,
SOS Assembly 1 Contig 4,,,,,,,,,,,8 reads from SOS assembled using Geneious,,Wed Jun 01 09:54:33 PDT 2022,,DNA,,,TTGATAGTTTTTATTATCAAAAACCC-CT-TTGTCTATCATTTACCATGTTGCTTCCATTGGACAGACCGGCATTGTGTATACAAGTTGGTCCTCTAGTTTTGTGTTTCTTTGGGCACTAGCTAGGGAGCTGCCAGTGGATAGAATCCAAATAAAAAAATTCGTGAAGAAATATATTGTCTGAATTATTAGTACAAAACAAATAAAACTTTCAACAACGGATCTCTAGGCTCTTGCATCGATGAAGAACGCAGTGAAATGCGATAAGTAATGTGAATTGCAGAATCTCGTGAATCATCGAATCTTTGAACGCACATTGCGCCCTATGGAATTCTGTAGGGCATGCCTGTCTGAGCGTCAGCAGCAAAAAATCAAGATCTTTGTAGGTAAAGATTTGGATTTGGTTAAGAGATGTAATCTGTGAAGAACCGGTTACTCTTTTGAAATTTAAAGGCAGTATTGATCAATCCA,,sos_assembly1 Contig 6,,linear,
SOS-017-3-2-a_ITS1F_E08.ab1,39.20%,56.10%,11.30%,32.60%,0,88.66%,75.00%,56.10%,<1>Low,Wed May 25 20:13:34 PDT 2022,,% HQ,Wed Jun 01 09:31:03 PDT 2022,106.35624,DNA,344,83.5005814,---------TTTATTATCAAAAACCC-CT-TTGTCTATCATTTACCATGTTGCTTCCATTGGACAGACCGGCATTGTGTATACAAGTTGGTCCTCTAGTTTTGTGTTTCTTTGGGCACTAGCTAGGGAGCTGCCAGTGGATAGAATCCAAATAAAAAAATTCGTGAAGAAATATATTGTCTGAATTATTAGTACAAAACAAATAAAACTTTCAACAACGGATCTCTAGGCTCTTGCATCGATGAAGAACGCAGTGAAATGCGATAAGTAATGTGAATTGCAGAATCTCGTGAATCATCGAATCTTTGAACGCACATTGCGCCCTATGGAATTCTGTAGGGCATGCCTGTCTGAGC-------------------------------------------------------------------------------------------------------------------,344,sos_assembly1 Contig 6,112 KB,linear,
SOS-019-4-7-b_ITS1F_G07.ab1,38.30%,81.70%,1.20%,17.10%,0,98.80%,93.25%,81.69%,<2>Medium,Thu May 26 07:05:02 PDT 2022,,% HQ,Wed Jun 01 09:32:44 PDT 2022,128.55777,DNA,415,83.44216867,----------TTATTATCAAAAACCC-CT-TTGTCTATCATTTACCATGTTGCTTCCATTGGACAGACCGGCATTGTGTATACAAGTTGGTCCTCTAGTTTTGTGTTTCTTTGGGCACTAGCTAGGGAGCTGCCAGTGGATAGAATCCAAATAAAAAAATTCGTGAAGAAATATATTGTCTGAATTATTAGTACAAAACAAATAAAACTTTCAACAACGGATCTCTAGGCTCTTGCATCGATGAAGAACGCAGTGAAATGCGATAAGTAATGTGAATTGCAGAATCTCGTGAATCATCGAATCTTTGAACGCACATTGCGCCCTATGGAATTCTGTAGGGCATGCCTGTCTGAGCGTCAGCAGCAAAAAATCAAGATCTTTGTAGGTAAAGATTTGGATTTGGTTAAGAGATGTAATCTGTGAAGAA-------------------------------------------,415,sos_assembly1 Contig 6,114 KB,linear,
SOS-019-4-7-c_ITS1F_H07.ab1,38.20%,69.90%,5.50%,24.60%,0,94.51%,83.96%,69.89%,<1>Low,Thu May 26 07:04:58 PDT 2022,,% HQ,Wed Jun 01 09:32:56 PDT 2022,140.8888,DNA,455,83.55054945,-------------TTATCAAAAACCC-CT-TTGTCTATCATTTACCATGTTGCTTCCATTGGACAGACCGGCATTGTGTATACAAGTTGGTCCTCTAGTTTTGTGTTTCTTTGGGCACTAGCTAGGGAGCTGCCAGTGGATAGAATCCAAATAAAAAAATTCGTGAAGAAATATATTGTCTGAATTATTAGTACAAAACAAATAAAACTTTCAACAACGGATCTCTAGGCTCTTGCATCGATGAAGAACGCAGTGAAATGCGATAAGTAATGTGAATTGCAGAATCTCGTGAATCATCGAATCTTTGAACGCACATTGCGCCCTATGGAATTCTGTAGGGCATGCCTGTCTGAGCGTCAGCAGCAAAAAATCAAGATCTTTGTAGGTAAAGATTTGGATTTGGTTAAGAGATGTAATCTGTGAAGAACCGGTTACTCTTTTGAAATTTAAAGGCAGTATTGATCAATCCA,455,sos_assembly1 Contig 6,101 KB,linear,
SOS-017-3-2-g_ITS1F_B09.ab1,39.40%,60.40%,10.90%,28.70%,0,89.10%,74.47%,60.37%,<1>Low,Wed May 25 20:14:00 PDT 2022,,% HQ,Wed Jun 01 09:32:00 PDT 2022,116.35077,DNA,376,83.70957447,--------------TATCAAAAACCC-CT-TTGTCTATCATTTACCATGTTGCTTCCATTGGACAGACCGGCATTGTGTATACAAGTTGGTCCTCTAGTTTTGTGTTTCTTTGGGCACTAGCTAGGGAGCTGCCAGTGGATAGAATCCAAATAAAAAAATTCGTGAAGAAATATATTGTCTGAATTATTAGTACAAAACAAATAAAACTTTCAACAACGGATCTCTAGGCTCTTGCATCGATGAAGAACGCAGTGAAATGCGATAAGTAATGTGAATTGCAGAATCTCGTGAATCATCGAATCTTTGAACGCACATTGCGCCCTATGGAATTCTGTAGGGCATGCCTGTCTGAGCGTCAGCAGCAAAAAATCAAGATCTTTGTAGGTAAAGA------------------------------------------------------------------------------,376,sos_assembly1 Contig 6,102 KB,linear,
SOS-017-3-2-f_ITS1F_A09.ab1,40.50%,78.60%,0.60%,20.80%,0,99.42%,93.64%,78.61%,<1>Low,Wed May 25 20:14:02 PDT 2022,,% HQ,Wed Jun 01 09:31:50 PDT 2022,107.02765,DNA,346,84.01098266,------------------AAAAACCC-CT-TTGTCTATCATTTACCATGTTGCTTCCATTGGACAGACCGGCATTGTGTATACAAGTTGGTCCTCTAGTTTTGTGTTTCTTTGGGCACTAGCTAGGGAGCTGCCAGTGGATAGAATCCAAATAAAAAAATTCGTGAAGAAATATATTGTCTGAATTATTAGTACAAAACAAATAAAACTTTCAACAACGGATCTCTAGGCTCTTGCATCGATGAAGAACGCAGTGAAATGCGATAAGTAATGTGAATTGCAGAATCTCGTGAATCATCGAATCTTTGAACGCACATTGCGCCCTATGGAATTCTGTAGGGCATGCCTGTCTGAGCGTCAGCAGCAA--------------------------------------------------------------------------------------------------------,346,sos_assembly1 Contig 6,112 KB,linear,
SOS-017-3-2-c_ITS1F_G08.ab1,40.50%,58.10%,10.30%,31.60%,0,89.66%,77.09%,58.10%,<1>Low,Wed May 25 20:13:30 PDT 2022,,% HQ,Wed Jun 01 09:31:31 PDT 2022,110.75007,DNA,358,84.09050279,----------------------ACCCGCTGTTGTCTATCATTTACCATGTTGCTTCCATTGGACAGACCGGCATTGTGTATACAAGTTGGTCCTCTAGTTTTGTGTTTCTTTGGGCACTAGCTAGGGAGCTGCCAGTGGATAGAATCCAAATAAAAAAATTCGTGAAGAAATATATTGTCTGAATTATTAGTACAAAACAAATAAAACTTTCAACAACGGATCTCTAGGCTCTTGCATCGATGAAGAACGCAGTGAAATGCGATAAGTAATGTGAATTGCAGAATCTCGTGAATCATCGAATCTTTGAACGCACATTGCGCCCTATGGAATTCTGTAGGGCATGCCTGTCTGAGCGTCAGCAGCAAAAAATCAAGATCTT------------------------------------------------------------------------------------------,358,sos_assembly1 Contig 6,94 KB,linear,
SOS-017-3-2-b_ITS1F_F08.ab1,37.60%,23.50%,18.80%,57.70%,0,81.22%,57.28%,23.47%,<1>Low,Wed May 25 20:13:32 PDT 2022,,"% HQ, % LQ, Post-Trim Length",Wed Jun 01 09:31:19 PDT 2022,66.03509,DNA,213,81.64741784,---------------------------------------------------------------------------------------------------------------------CTAGCTAGG-AGCTGCCAGTGGATAGAATCCAAATAAAAAAATTCGAGAAGAAATATATTGTCTGAATTATTAGTACAAAACAAATAAAACTTTCAACAACGGATCTCTAGGCTCTTGCATCGATGAAGAACGCAGGGAAATGCGATAAGTAATGTGAATTGCAGAATCTCGTGAATCATCGAATCTTTGAACGCACATTGCGCCCTATGGAAT-------------------------------------------------------------------------------------------------------------------------------------------,213,sos_assembly1 Contig 6,144 KB,linear,
SOS-018-3-1-d_ITS1F_D08.ab1,42.40%,63.00%,12.30%,24.60%,0,87.68%,78.62%,63.04%,<1>Low,Wed May 25 20:13:36 PDT 2022,,"% HQ, Post-Trim Length",Wed Jun 01 09:32:32 PDT 2022,85.14233,DNA,276,84.32536232,TGACACTTTTGTTGGATAACCCTTCTCTGTGGTACATATACCTGTTGCTTCCCCCCCGCGGTCAAACCTGGGGGAAGGAATCCACAAACCCTTTGTTTTTCAATGGAGTCTGTCTGAAGAATAAAAATGTGTTTGAACACATTGAAAACCAAAATTAAAACTTTCAACAACGGATCTCTTGGTTCTCCCATCGATGAAGAACGCAGCGAAATGCGATAAGTAGTGTGAATTGCAGAATTCAGTGAATCATCGAATCTTTGAACGCACATTGCGCCC-------------------------------------------------------------,276,sos_assembly1 Contig 7,117 KB,linear,
SOS Assembly 1 Contig 9,,,,,,,,,,,5 reads from SOS assembled using Geneious,,Wed Jun 01 09:54:34 PDT 2022,,DNA,,,TGACACTTTTGTTGN-TAACCCTTCTCTGTG-TACATATACCTGTTGCTTCCCCCCCGCGKTCAAACCTGGGGGAAGGAATCCACAAACCCTTTGTTTTTCAATGGAGTCTGTCTGAAGAATAAAAATGTGTTTGAACACATTGAAAACCAAAATTAAAACTTTCAACAACGGATCTCTTGGTTCTCCCATCGATGAAGAACGCAGCGAAATGCGATAAGTAGTGTGAATTGCAGAATTCAGTGAATCATCGAATCTTTGAACGCACATTGCGCCCTCTGGRACTCCGKGGGGCAKGCMTGWTCGAGCGTCRCGWAAMGKASGGCCGTYAGCGCCCG,,sos_assembly1 Contig 7,,linear,
SOS-018-3-1-c_ITS1F_C08.ab1,41.80%,59.30%,9.30%,31.30%,0,90.67%,82.46%,59.33%,<1>Low,Wed May 25 20:13:40 PDT 2022,,"% HQ, Post-Trim Length",Wed Jun 01 09:32:20 PDT 2022,82.59668,DNA,268,84.00895522,-------TTTGTTG--TAACCCTTCTCTGTG-TACATATACCTGTTGCTTCCCCCCCGCGTTCAAACCTGGGGGAAGGAATCCACAAACCCTTTGTTTTTCAATGGAGTCTGTCTGAAGAATAAAAATGTGTTTGAACACATTGAAAACCAAAATTAAAACTTTCAACAACGGATCTCTTGGTTCTCCCATCGATGAAGAACGCAGCGAAATGCGATAAGTAGTGTGAATTGCAGAATTCAGTGAATCATCGAATCTTTGAACGCACATTGCGCCCTC-----------------------------------------------------------,268,sos_assembly1 Contig 7,111 KB,linear,
SOS-047-4-10-a_ITS1F_A09.ab1,38.60%,58.40%,4.10%,37.60%,0,95.94%,87.31%,58.38%,<1>Low,Thu May 26 07:05:56 PDT 2022,,"% HQ, Post-Trim Length",Wed Jun 01 09:47:39 PDT 2022,60.86165,DNA,197,81.8177665,-----------------------------------------------------------------------------------ACAAACCCTTTGTTTTTCAATGGAGTCTGTCTGAAGAATAAAAATGTGTTTGAACACATTGAAAACCAAAATTAAAACTTTCAACAACGGATCTCTTGGTTCTCCCATCGATGAAGAACGCAGCGAAATGCGATAAGTAGTGTGAATTGCAGAATTCAGTGAATCATCGAATCTTTGAACGCACATTGCGCCCTCTG---------------------------------------------------------,197,sos_assembly1 Contig 7,133 KB,linear,
SOS-047-4-10-c_ITS1F_B09.ab1,34.80%,43.50%,7.00%,49.60%,0,93.04%,73.04%,43.48%,<1>Low,Thu May 26 07:05:52 PDT 2022,,"% HQ, Post-Trim Length",Wed Jun 01 09:47:51 PDT 2022,35.50317,DNA,115,77.90869565,------------------------------------------------------------------------------------------CTTTGTTTTTCAATGGAGTCTGTCTGAAGAATAAAAATGTGTTTGAACACATTGAAAACCAAAATTAAAACTTTCAACAACGGATCTCTTGGTTCTCCCATCGATGAAGAACGCA------------------------------------------------------------------------------------------------------------------------------------,115,sos_assembly1 Contig 7,178 KB,linear,
SOS-029-3-7-d_ITS1F_B11.ab1,42.60%,1.60%,50.80%,47.50%,0,49.18%,16.94%,1.64%,<1>Low,Wed May 25 20:14:18 PDT 2022,,"% HQ, % LQ, Post-Trim Length",Wed Jun 01 09:38:11 PDT 2022,56.59778,DNA,183,83.22349727,-------------------------------------------------------------------------------------------------------------------------T-TTTTGCATCTCTGAGTAGCTTATAAAATAAGGTAAAACTTTCAACAACGG-TCTCTTGTTTCTGCCATCGATGAAGAACGCAGGGAAATGCGAAAAATAATGTGAATTGCAGAATTCAGTGA-TCATCGAATCTTTGAACGCACATTGCGCCCGCCAGTATTCTGTGGGCCTCCCGTGTTTGGG------------------------------,183,sos_assembly1 Contig 7,128 KB,linear,
SOS-044-3-5-e_ITS1F_D10.ab1,49.30%,0.00%,84.10%,15.90%,0,15.94%,2.90%,0.00%,<1>Low,Wed May 25 20:13:58 PDT 2022,,"% HQ, % LQ, Post-Trim Length",Wed Jun 01 09:46:37 PDT 2022,42.79473,DNA,138,84.79275362,------------------------------------------------------------------------------------------------------------------------------------------------------------------TT-AAATAACGTTCACTTGGT-CT-GAATCGATGA-TTGCGCAGGGAAATGCGAAAAAAAGTG-CGATTGGAGAAT-CAGTGA-TCATCGA-TCTTTGA-CGCACATTGCGCCCGCCAGTATTCTGTGGGCCCCCCG-GTTCGAGGGT---------------------------,138,sos_assembly1 Contig 7,122 KB,linear,
SOS-038-4-1-e_ITS1F_E03.ab1,47.60%,6.30%,41.30%,52.40%,0,58.73%,23.81%,6.35%,<1>Low,Thu May 26 07:04:08 PDT 2022,,"% HQ, % LQ, Post-Trim Length",Wed Jun 01 09:43:31 PDT 2022,19.4496,DNA,63,78.50634921,-------------------------------------------------------------------------------------------------------------------------------------------------------------------------------------------------------------------------------------TTGCAGAATTCAGTGAATCATCGAATCTTTGAACGCACATTGCGCCCGCCAGTATTCTGTGGG---------------------------------------------,63,sos_assembly1 Contig 7,148 KB,linear,
SOS-047-4-10-d_ITS1F_C09.ab1,57.30%,5.80%,43.70%,50.50%,0,56.31%,20.39%,5.83%,<1>Low,Thu May 26 07:05:50 PDT 2022,,"% HQ, % LQ, Post-Trim Length",Wed Jun 01 09:48:04 PDT 2022,31.89458,DNA,103,86.47475728,#NAME?,103,sos_assembly1 Contig 7,179 KB,linear,
SOS-053-2-6-d_ITS1F_F05.ab1,44.30%,84.30%,2.00%,13.70%,0,98.04%,93.91%,84.35%,<2>Medium,Wed May 25 20:13:12 PDT 2022,,% HQ,Wed Jun 01 09:51:05 PDT 2022,142.3985,DNA,460,86.06956522,GTGGAAATGCCCCTAATAAGGGCATACTCTATAAAACTCTAAACTTACTGTCTGAGAAGGCCATGTGCCGTAATCTTTAAACATTTTAAAACTTTCAACAACGGATCTCTTGGTTCTCGCATCGATGAAGAACGCAGCGAAATGCGATAAGTAATGTGAATTGCAGAATTCAGTGAATCATCGAATCTTTGAACGCACATTGCGCCCTTTGGTATTCCATAGGGCATGCCTGTTCGAGCGTCACTAACAACCCCATCATACAAGAGTGTGGTATTGGCAGAAGTGGGTAGGGCTAGCAGTGCTGGTCCCACTCTGCTGGAATGAATAGGCCGGAAATGCAGACCATGGCAACAGACTTTCAGAGTATTTTGAAATGCTAAATTAGTTTGGAGCTGGTCAGAATCCAGGCTATTGGACCCCCATTCTGTGTAAAGCAGTAATGTTGACCTCGGATCAGGTA,460,sos_assembly1 Contig 8,102 KB,linear,
SOS-053-2-6-g_ITS1F_H05.ab1,43.60%,78.20%,3.40%,18.40%,0,96.61%,90.07%,78.21%,<1>Low,Wed May 25 20:13:08 PDT 2022,,% HQ,Wed Jun 01 09:51:23 PDT 2022,127.84208,DNA,413,85.59539952,GTGAAAATGCCCCTAATAAGGGCATACTCTATAAAACTCTAAACTTACTGTCTGAGAAGGCCATGTGCCGTAATCTTTAAACATTTTAAAACTTTCAACAACGGATCTCTTGGTTCTCGCATCGATGAAGAACGCAGCGAAATGCGATAAGTAATGTGAATTGCAGAATTCAGTGAATCATCGAATCTTTGAACGCACATTGCGCCCTTTGGTATTCCATAGGGCATGCCTGTTCGAGCGTCACTAACAACCCCATCATACAAGAGTGTGGTATTGGCAGAAGTGGGTAGGGCTAGCAGTGCTGGTCCCACTCTGCTGGAATGAATAGGCCGGAAATGCAGACCATGGCAACAGACTTTCAGAGTATTTTGAAATGCTAAATTAGTTTGGAGCTGGTCAGAATCCAGGCTATT-----------------------------------------------,413,sos_assembly1 Contig 8,105 KB,linear,
SOS Assembly 1 Contig 6,,,,,,,,,,Wed Jun 01 09:54:34 PDT 2022,6 reads from SOS assembled using Geneious,,Wed Jun 01 09:54:34 PDT 2022,,DNA,,,GTGGAAATGCCCCTAATAAGGGCATACTCTATAAAACTCTAAACTTACTGTCTGAGAAGGCCAYGTGCCGTAATCWTTAAAYATTTTAAAACTTTCAACAACGGATCTCTTGGTTCTCGCATCGATGAAGAACGCAGCGAAATGCGATAAGTAATGTGAATTGCAGAATTCAGTGAATCATCGAATCTTTGAACGCACATTGCGCCCTTTGNTATTCCATAGGGCATGCCTGTTCGAGCGTCACTAACAACCYCATCATACAAGAGTGTGGTATTGGCAGAAGTGGGTAGGGCTAGCAGTGCTCGTCCCACTCTGCTGGAATGAATAGGCCGGAAATGCAGACCATGGCAACAGACTTTCAGAGTATTTTGAWATGCTAAATTAGTTTGGAGCTGGTCAGAATCCAGGCTATTGGACCCCCAWTCTGTGTAAAGCAGTAATGTTGACCTCGGATCAGGTA,,sos_assembly1 Contig 8,,linear,
SOS-055-2-11-d_ITS1F_H06.ab1,42.60%,77.00%,6.50%,16.50%,0,93.47%,87.29%,76.98%,<1>Low,Wed May 25 20:13:10 PDT 2022,,"% HQ, Post-Trim Length",Wed Jun 01 09:52:13 PDT 2022,89.93446,DNA,291,84.5371134,---------CCCCTAATAAGGGCATACTCTATAAAACTCTAAACTTACTGTCTGAGAAGGCCACGTGCCGTAATCATTAAATATTTTAAAACTTTCAACAACGGATCTCTTGGTTCTCGCATCGATGAAGAACGCAGCGAAATGCGATAAGTAATGTGAATTGCAGAATTCAGTGAATCATCGAATCTTTGAACGCACATTGCGCCCTTTG-TATTCCATAGGGCATGCCTGTTCGAGCGTCACTAACAACCTCATCATACAAGAGTGTGGTATTGGCAGAAGTGG-TAGGGCTAGCAGTGT--------------------------------------------------------------------------------------------------------------------------------------------------------------,291,sos_assembly1 Contig 8,85 KB,linear,
SOS-055-2-11-c_ITS1F_G06.ab1,44.10%,85.50%,1.40%,13.00%,0,98.55%,94.94%,85.54%,<2>Medium,Wed May 25 20:13:12 PDT 2022,,% HQ,Wed Jun 01 09:52:05 PDT 2022,128.39641,DNA,415,85.81325301,------------------AGGGCATACTCTATAAAACTCTAAACTTACTGTCTGAGAAGGCCACGTGCCGTAATCATTAAATATTTTAAAACTTTCAACAACGGATCTCTTGGTTCTCGCATCGATGAAGAACGCAGCGAAATGCGATAAGTAATGTGAATTGCAGAATTCAGTGAATCATCGAATCTTTGAACGCACATTGCGCCCTTTGGTATTCCATAGGGCATGCCTGTTCGAGCGTCACTAACAACCTCATCATACAAGAGTGTGGTATTGGCAGAAGTGGGTAGGGCTAGCAGTGCTCGTCCCACTCTGCTGGAATGAATAGGCCGGAAATGCAGACCATGGCAACAAACTTTCAGAGTATTTTGATATGCTAAATTAGTTTGGGGCTGGTCAGAATCCAGGCCATTGGACCCCCAATCTGTGTAAA---------------------------,415,sos_assembly1 Contig 8,102 KB,linear,
SOS-053-2-6-c_ITS1F_E05.ab1,38.90%,1.90%,43.90%,54.10%,0,56.05%,29.30%,1.91%,<1>Low,Wed May 25 20:13:14 PDT 2022,,"% HQ, % LQ, Post-Trim Length",Wed Jun 01 09:50:56 PDT 2022,48.44554,DNA,157,81.08980892,--------------------------------------------------------------ATGTGCCGTA-TCTTTAAACATTTTAAAACTTTCAACAACGGATCTCTTGGTTCTCGCATCGATGAAGAACGCAGCGAAATGCGAAAA-TAATGTGAATTGCAGAATTCAGTGAATCATCGAATCTTTGAACGCACATTGCGCCCTTTG-TATTCCATAG----------------------------------------------------------------------------------------------------------------------------------------------------------------------------------------------------------------------------------------------,157,sos_assembly1 Contig 8,120 KB,linear,
SOS-055-2-11-b_ITS1F_F06.ab1,43.20%,55.70%,7.70%,36.60%,0,92.35%,83.06%,55.74%,<1>Low,Wed May 25 20:13:14 PDT 2022,,"% HQ, Post-Trim Length",Wed Jun 01 09:51:58 PDT 2022,56.4897,DNA,183,83.44754098,------------------------------------------------------------------------------------TTTAAAACTTTCAACAACGG-TCTCTTG-TTCTCGCATCGATGAAGAACGCAGCGAAATGCGATAAGTAATGTGAATTGCAGAATTCAG-GAATCATCGAATCTTTGAACGCACATTGCGCCCTTTG-TATTCCATAGGGCATGCCTGTTCGAGCGTCACTAACAACCTCATCATACAAGAGTGTGG---------------------------------------------------------------------------------------------------------------------------------------------------------------------------------------------,183,sos_assembly1 Contig 8,137 KB,linear,
SOS-055-2-12-d_ITS1F_G07.ab1,47.30%,21.60%,54.70%,23.60%,0,45.27%,27.70%,21.62%,<1>Low,Wed May 25 20:13:28 PDT 2022,,"% HQ, % LQ, Post-Trim Length",Wed Jun 01 09:17:49 PDT 2022,45.71363,DNA,148,84.3,AACTTGTTGGTTGCTGCTG-CTCTCAGGAGCATGTGCACGCTCATTCCATTTTTTAAACCACCCGGGGCACACACTGAAACCCAAAGGGATTTTTTTCGGGAAAACTCGGTTTGAGAACGGCGGCAAAAACCAGTTGTCCTTGAAATTG,148,sos_assembly1 Contig 9,146 KB,linear,
SOS Assembly 1 Contig 7,,,,,,,,,,,6 reads from SOS assembled using Geneious,,Wed Jun 01 09:54:34 PDT 2022,,DNA,,,AACTTGTTGGTTGCTGCTG-CTCTCAGGAGCATGTGCACGCTCATTCCATTTTTTAAACCACCYKGKGMACACAYKGWARMCYWAAKKGAWTTTTTYSGGGAAAMYYSGGTTKGRGRMYKGYKGYAAAAWYMRSYKGTYYTKGWAWTTK,,sos_assembly1 Contig 9,,linear,
SOS-055-2-12-f_ITS1F_H07.ab1,55.20%,25.40%,34.30%,40.30%,0,65.67%,53.73%,25.37%,<1>Low,Wed May 25 20:13:26 PDT 2022,,"% HQ, % LQ, Post-Trim Length",Wed Jun 01 09:53:04 PDT 2022,20.50321,DNA,67,82.24029851,-----------TGCTGCTG-CTCTCAGGAGCATGTGCACGCTCATTCCATTTTTTAAACCACCCGGGGCACCCCCTGAA----------------------------------------------------------------------,67,sos_assembly1 Contig 9,199 KB,linear,
SOS-055-2-12-a_ITS1F_E07.ab1,54.80%,29.00%,30.60%,40.30%,0,69.35%,48.39%,29.03%,<1>Low,Wed May 25 20:13:34 PDT 2022,,"% HQ, % LQ, Post-Trim Length",Wed Jun 01 09:19:23 PDT 2022,19.02727,DNA,62,81.3,--------------TGCTGGCTCTCAGGAGCATGTGCACGCTCATTCCATTTTTTAAACCACCCGGGGCACACACG-------------------------------------------------------------------------,62,sos_assembly1 Contig 9,178 KB,linear,
SOS-055-2-11-g_ITS1F_C07.ab1,52.90%,43.10%,13.70%,43.10%,0,86.27%,62.75%,43.14%,<1>Low,Wed May 25 20:13:38 PDT 2022,,"% HQ, Post-Trim Length",Wed Jun 01 09:18:17 PDT 2022,15.63909,DNA,51,78.26078431,---------------GCTGGCTCTCAGGAGCATGTGCACGCTCATTCCATTTTTTAAACCACCCGG-----------------------------------------------------------------------------------,51,sos_assembly1 Contig 9,154 KB,linear,
SOS-055-2-12-h_ITS1F_A08.ab1,59.60%,36.80%,29.80%,33.30%,0,70.18%,57.89%,36.84%,<1>Low,Wed May 25 20:13:44 PDT 2022,,"% HQ, % LQ, Post-Trim Length",Wed Jun 01 09:53:12 PDT 2022,17.39918,DNA,57,82.35263158,--------------------CTCTCAGGAGCATGTGCACGCTCATTCCATTTTTTAAACCACCCGGGGCCCCCCCGG------------------------------------------------------------------------,57,sos_assembly1 Contig 9,173 KB,linear,
SOS-055-2-11-e_ITS1F_A07.ab1,51.80%,21.40%,41.10%,37.50%,0,58.93%,41.07%,21.43%,<1>Low,Wed May 25 20:13:44 PDT 2022,,"% HQ, % LQ, Post-Trim Length",Wed Jun 01 09:52:24 PDT 2022,17.11705,DNA,56,78.925,----------------------CTCAG-AGCATGTGCACGCTCATTCCATTTTTTAAACCACCCGGGGCACCCACTGTA----------------------------------------------------------------------,56,sos_assembly1 Contig 9,170 KB,linear,
SOS-004-2-2-d_ITS1F_H03.ab1,48.80%,68.90%,3.30%,27.80%,1,96.72%,86.72%,68.91%,<1>Low,Wed May 25 20:12:52 PDT 2022,,% HQ,Wed Jun 01 09:23:28 PDT 2022,198.12205,DNA,640,88.271875,CAAGCGAGAGAGATGTTGGGGTAGATCGTAGGGATTGTTGCTGGCCTTTGGAAACGAAGGCATGTGCACGTTCCGAGTTCTCCTTTTAGTCCTCGTGAGTCGTTCCTTTGGAAAACCTTTATTTCACACCTGTGCACGTATTGTAGGTCCCGAGAGGGATCTATGTCTTTTATCAACCCCAAACGTATGTCTAGAATGTCATTACTACGTCGACCGGCCTGGCTAACGCCTCGTTGGCGACGGTAAAGAATCAATACAACTTTCAGCAACGGATCTCTTGGCTCTCGCATCGATGAAGAACGCAGCGAATTGCGATACGTAATGTGAATTGCAGATTTTCAGTGAATCATCGAATCTTTGAACGCACCTTGCGCTCCTTGGTATTCCGAGGAGCATGCCTGTTTGAGTGTCATTGAATTCTCAACCACCCTTTGATTGATTTCGAGGGGTTGGCTTGGATTTTGGGAGTTGCTGGCTGACCTTTCGGGGACGGTCGGCTCTCCTTAAAAGCATTAGTGAAAGGTGACAAGCCCTGCATGGACGGCCTTCGACGTGATAATGATCGTCGTGGCTGGNGTGTGAGGCGTAGATCGACCCTTTGCTTCTAAACAAATCGTACTAGGGGGACTCTGCTGCTTTG,640,sos_assembly1 Contig 10,124 KB,linear,
SOS Assembly 1 Contig 8,,,,,,,,,,Wed Jun 01 09:54:34 PDT 2022,5 reads from SOS assembled using Geneious,,Wed Jun 01 09:54:34 PDT 2022,,DNA,,,CAAGCGAGAGAGATGTTGGGGTAGATCGTAGGGATTGTTGCTGGCCTTTGGAAACGAAGGCATGTGCACGTTCCGAGTTCTCCTTTTAGTCCTCGTGAGTCGTTCCTTTGGAAAACCTTTATTTCACACCTGTGCACGTATTGTAGGTCCCGAGAGGGATCTATGTCTTTTATCAACCCCAAACGTATGTCTAGAATGTCATTACTACGTCGACCGGCCTGGCTAACGCCTCGTTGGCGACGGTAAAGAATCAATACAACTTTCAGCAACGGATCTCTTGGCTCTCGCATCGATGAAGAACGCAGCGAATTGCGATACGTAATGTGAATTGCAGATTTTCAGTGAATCATCGAATCTTTGAACGCACCTTGCGCTCCTTGGTATTCCGAGGAGCATGCCTGTTTGAGTGTCATTGAATTCTCAACCACCCTTTGATTGATTTCGAGGGGTTGGCTTGGATTTTGGGAGTTGCTGGCTGACCTTTCGGGGACGGTCGGCTCTCCTTAAAAGCATTAGTGAAAGGTGACAAGCCCTGCATGGACGGCCTTCGACGTGATAATGATCGTCGTGGCTGGNGTGTGAGGCGTAGATCGACCCTTTGCTTCTAAACAAATCGTACTAGGGGGACTCTGCTGCTTTG,,sos_assembly1 Contig 10,,linear,
SOS-004-2-2-b_ITS1F_F03.ab1,47.60%,17.10%,19.50%,63.40%,0,80.52%,46.32%,17.10%,<1>Low,Wed May 25 20:12:56 PDT 2022,,"% HQ, % LQ",Wed Jun 01 09:23:08 PDT 2022,142.7985,DNA,462,87.41688312,--------------------GTAGATCGGAGGGATTGGTGCTGGCCTTTGGAAACGAAGGCATGTGCACGTTCCGAGTTCTCCTTTTAGTCCTCGTGAGTCGTTCCTTTGGAAAACCTTTATTTCACACCTGTGCACGTATTGTAGGTCCCGAGAGGGATCTATGTCTTTTATCAACCCCAAACGTATGTCTAGAATGTCATTACTACGTCGACCGGCCTGGCTAACGCCTCGTTGGCGACGGTAAAGAATCAATACAACTTTCAGCAACGGATCTCTTGGCTCTCGCATCGATGAAGAACGCAGCGAATTGCGATACGTAATGTGAATTGCAGATTTTCAGTGAATCATCGAATCTTTGAACGCACCTTGCGCTCCTTGGTATTCCGAGGAGCATGCCTGTTTGAGTGTCATTGAATTCTCAACCACCCTTTGATTGATTTCGAGGGGTTGGCTTGGATTTTGGGAGTTGCTGGCTGACCT--------------------------------------------------------------------------------------------------------------------------------------------------------------,462,sos_assembly1 Contig 10,137 KB,linear,
SOS-004-2-2-e_ITS1F_A04.ab1,48.10%,75.50%,2.20%,22.30%,0,97.77%,90.35%,75.51%,<1>Low,Wed May 25 20:13:08 PDT 2022,,% HQ,Wed Jun 01 09:23:41 PDT 2022,166.5989,DNA,539,87.79536178,-------------------------TCGTAGGGATTGTTGCTGGCCTTTGGAAACGAAGGCATGTGCACGTTCCGAGTTCTCCTTTTAGTCCTCGTGAGTCGTTCCTTTGGAAAACCTTTATTTCACACCTGTGCACGTATTGTAGGTCCCGAGAGGGATCTATGTCTTTTATCAACCCCAAACGTATGTCTAGAATGTCATTACTACGTCGACCGGCCTGGCTAACGCCTCGTTGGCGACGGTAAAGAATCAATACAACTTTCAGCAACGGATCTCTTGGCTCTCGCATCGATGAAGAACGCAGCGAATTGCGATACGTAATGTGAATTGCAGATTTTCAGTGAATCATCGAATCTTTGAACGCACCTTGCGCTCCTTGGTATTCCGAGGAGCATGCCTGTTTGAGTGTCATTGAATTCTCAACCACCCTTTGATTGATTTCGAGGGGTTGGCTTGGATTTTGGGAGTTGCTGGCTGACCTTTCGGGGACGGTCGGCTCTCCTTAAAAGCATTAGTGAAAGGTGACAAGCCCTGCATGGACGGCCTTCGACGTGATAATGATC----------------------------------------------------------------------------,539,sos_assembly1 Contig 10,125 KB,linear,
SOS-004-2-3-d_ITS1F_G04.ab1,47.70%,16.50%,23.90%,59.70%,0,76.13%,45.27%,16.46%,<1>Low,Wed May 25 20:12:56 PDT 2022,,"% HQ, % LQ, Post-Trim Length",Wed Jun 01 09:24:55 PDT 2022,74.73338,DNA,243,86.19711934,-------------------------------------------------------------------ACGTTCCGAGTTCTCCTTTTAGTCCTCGTGAGTCGTTCCTTTGGAAAACCTTTATTTCACACCTGTGCACGTATTGTAGCTCCCGAGAGGGGTCTATGTCTTTTATCAACCCCAAACGTATGTCTAGAATGTCATTACTACGTCGACCGGCCTGG-TAACGCCTCGT-GGCGACGCTAAAGAATCAATACAACTTTCAGCAACGGATCTCTTG-CTCTCGCATCGATGAAGAACGCAGCGAATTGC---------------------------------------------------------------------------------------------------------------------------------------------------------------------------------------------------------------------------------------------------------------------------------------------------------------------------------------,243,sos_assembly1 Contig 10,135 KB,linear,
SOS-004-2-3-h_ITS1F_A05.ab1,46.50%,4.50%,31.20%,64.30%,0,68.79%,29.94%,4.46%,<1>Low,Wed May 25 20:13:24 PDT 2022,,"% HQ, % LQ, Post-Trim Length",Wed Jun 01 09:25:23 PDT 2022,48.16117,DNA,157,84.22356688,---------------------------------------------------------------------GTTCCGAGTTCTCCTTTTAGTCCTCGGGAGACGTTCCTTTG-AAAACCTTTATTTCACACCTGTGCACGTATTGTAG-TCCCGAGAGGG-TCTATGTCTTTTATCAACCCCAAACGTATGTCTAGAATGTCATTACTACGTCGACCG-CCTG-CTAACGCCT-------------------------------------------------------------------------------------------------------------------------------------------------------------------------------------------------------------------------------------------------------------------------------------------------------------------------------------------------------------------------------------------------------------------------,157,sos_assembly1 Contig 10,143 KB,linear,
SOS-035-3-3-h_ITS1F_G09.ab1,45.30%,64.70%,11.40%,23.90%,0,88.56%,79.10%,64.68%,<1>Low,Wed May 25 20:13:48 PDT 2022,,"% HQ, Post-Trim Length",Wed Jun 01 09:41:41 PDT 2022,62.06926,DNA,201,84.62835821,AACTTGGTGGTTGCTGCTGGCCCTCAGGCGCATGTGCACGCTCAACTGATTTTAACCACCTGTGCACACACTGTAGGCCTGAATGAACTTTTGTCGAGGAAACTCGGTTTGAGAACTGCTGGTGAAAACGTCAGCTGTTCTTGCGTTCCAGGTCTATGTTTTTAACACACTCCATAACAAGTAATAGAATGTTAATCATTG-----------------------------------------------------------------------------------------------------------------------------------------------------,201,sos_assembly1 Contig 11,145 KB,linear,
SOS Assembly 1 Contig 12,,,,,,,,,,,4 reads from SOS assembled using Geneious,,Wed Jun 01 09:54:35 PDT 2022,,DNA,,,AAYTTGGTGGTTGCTGCTGGCCCTCAGGCGCATGTGCACGCTCAACTGATTTTAACCACCTGTGCACACACTGTAGGCCTGAATGAACTTTTGTCGAGGAAACTCGGTTTGAGAACTGCTGGTGAAAACGTCAGCTGTTCTTGCGTTCCAGGTCTATGTTTTTAACACACTCCATAACAAGTAATAGAATGTTAATCATTGNCCTTCTGTGCCTTTTAAACCTAATACAACTTTCAACAACGGATCTCTTG-CTCTCGCATCGATGAAGAACGCAGCGAAATGCGATAAGTAATGTGAATTGCAGAATTCAGTGAATCATCGAATCTTTGAACGCACCTTGCGCTCCTTG,,sos_assembly1 Contig 11,,linear,
SOS-035-3-3-d_ITS1F_F09.ab1,44.90%,61.60%,13.40%,25.00%,0,86.64%,75.34%,61.64%,<1>Low,Wed May 25 20:13:52 PDT 2022,,"% HQ, Post-Trim Length",Wed Jun 01 09:40:57 PDT 2022,90.10546,DNA,292,85.46780822,--TTGGGTGGTTGCTGCTGGCCCTCAGGCGCATGTGCACGCTCAACTGATTTTAACCACCTGTGCACACACTGTAGGCCTGAATGAACTTTTGTCGAGGAAACTCGGTTTGAGAACTGCTGGTGAAAACGTCAGCTGTTCTTGCGTTCCAGGTCTATGTTTTTAACACACTCCATAACAAGTAATAGAATGTTAATCATTGGCCTTCTGTGCCTTTTAAACCTAATACAACTTTCAACAACGGATCTCTTGGCTCTCGCATCGATGAAGAACGCAGCGAAATGCGATAAGTAAT--------------------------------------------------------,292,sos_assembly1 Contig 11,149 KB,linear,
SOS-035-3-3-b_ITS1F_D09.ab1,44.40%,54.40%,11.50%,34.10%,0,88.53%,72.06%,54.41%,<1>Low,Wed May 25 20:13:56 PDT 2022,,% HQ,Wed Jun 01 09:40:29 PDT 2022,104.81301,DNA,340,85.59705882,#NAME?,340,sos_assembly1 Contig 11,142 KB,linear,
SOS-035-3-3-c_ITS1F_E09.ab1,33.30%,11.80%,11.80%,76.30%,0,88.17%,48.39%,11.83%,<1>Low,Wed May 25 20:13:54 PDT 2022,,"% HQ, Post-Trim Length",Wed Jun 01 09:40:48 PDT 2022,28.48657,DNA,93,75.97741935,------------------------------------------------------------------------------------------------------------------------------------------------------------TGTTTTTAACACACTCCATAACAAGTAATAGAATGTTAATCATTG-CCTTCTGTGCCTTTTAAACCTAATACAACTTTCAACAACGG-TCTCTTG---------------------------------------------------------------------------------------------------,93,sos_assembly1 Contig 11,168 KB,linear,
SOS Assembly 1 Contig 14,,,,,,,,,,,2 reads from SOS assembled using Geneious,,Wed Jun 01 09:54:35 PDT 2022,,DNA,,,NNNNNNNNNNNNNNNNNNNNNNNCNNNNNNWCATTACA-GAKTGNCMMARCTCCCAMSCCTTTGTKAACGCATCCAGYAKTGCKTCGYGSWAGGGCTCCAGSGKG-CSCGCCGANGNNMMNACTCKTGTNTTTTTGCWCTCTGNNAKCWTATARAANNNTTATACTTTMAWYAACNNWNTCTTGTTCTGYAKNANGANNYGCAGGANRYGKNARNNTGNGNTTGCAGAWNAGNGATNWNNNNMTTGRSSWANNNGNNGNWKWTCNGYYGNNNSCKGWNRSNYRTTYSNYWNNWNNTNNTNNTTTNNAACTGNTKNWYWGASNNYWAAWMTTGGGNTTTRAAMACGCGGNCAKARWTMTNNTCNTKTGNKKANAGNNCGGNGTKACCCNCTWNNNTAANWNCNNNNWCAGTRGAYACCGNGANNANATWSWANNNRNNAN,,sos_assembly1 Contig 12,,linear,
SOS-020-3-11-e_ITS1F_G01.ab1,40.90%,0.50%,92.70%,6.90%,119,7.32%,1.14%,0.46%,<1>Low,Thu May 26 07:03:28 PDT 2022,,"% HQ, % LQ, Ambiguities",Thu May 26 07:03:28 PDT 2022,134.9739,DNA,437,80.00938215,NNNNNNNNNNNNNNNNNNNNNNNCNNNNNNACATTACA-GATTG-CAAAACTCCCAACCCTTTGTGAACGCATCCAGCATTGNTTCGTGNAAGGNCTCCAGGGGGGCCCGCCGANGNNAANACTCTTGTNTTTTTGCTCTCTGNNAGCTTATAAAANNNTTATACTTTCAACAACNNANTCTTGTTCTGAATNANGANNCGCAGGANATGTNAANNTGNGNTTGCAGATNAGNGATNTNNNNCTTGGGCTANNNGNNGNATTTCNGTTGNNNCCTGANACNTATTTGNTTNNANNTNNTNNTTTNNAACTGNTGNTTTGACNNCAAAAATTGGGNTTTAAAAACGCGGNCATAATTCTNNTCNTTTGNTTANAGNNCGGNGTGACCCNCTANNNTAANTNCNNNNTCAGTAGATACCGNGANNANATTCAANNNGNNAN,437,sos_assembly1 Contig 12,139 KB,linear,
SOS-051-3-8-h_ITS1F_H11.ab1,57.30%,3.70%,72.00%,24.40%,0,28.05%,8.54%,3.66%,<1>Low,Wed May 25 20:14:06 PDT 2022,,"% HQ, % LQ, Post-Trim Length",Wed Jun 01 09:50:37 PDT 2022,25.23226,DNA,82,84.87317073,-------------------------------CATTACAAGATTGGCCCAACTCCCAACCCTTTGTGAACGCATCCAGTTTTGCTTCGTGGAAGGGCTCCAGGGGG-CCCGCCGA-------------------------------------------------------------------------------------------------------------------------------------------------------------------------------------------------------------------------------------------------------------------------------------------------------------------------------------,82,sos_assembly1 Contig 12,175 KB,linear,
SOS-035-3-3-a_ITS1F_C09.ab1,47.30%,80.70%,4.60%,14.80%,0,95.42%,90.84%,80.66%,<2>Medium,Wed May 25 20:13:58 PDT 2022,,"% HQ, Post-Trim Length",Wed Jun 01 09:40:09 PDT 2022,121.27358,DNA,393,87.05063613,CGTACAACTGAGGTGCGAGGGCTGTCGCTGACCTTCAAAGGTTGTGCACGCTCAAGCACTCTCTTACATCCATCTCACCTTTGTGCATCACCGCGTGGGTCCCCTTTGCAAAGGAGGGCTTGCGTTTTCACATAAAACTTGATACAGTGTAGAATGTTTTATTTGCGGTCACACGCAATCAATACAACTTTCAACAACGGATCTCTTGGCTCTCGCATCGATGAAGAACGCAGCGAAATGCGATACGTAATGTGAATTGCAGAATTCAGTGAATCATCGAATCTTTGAACGCACCTTGCGCCC-CTTGGCATTCCGAGGGGCACACCCGTTTGAGTGTCGTGAAATCATCAAAAACCTTTCTCTTTGATCGTCTTTGGTTGGGAGAAGGATGTT,393,sos_assembly1 Contig 13,116 KB,linear,
SOS Assembly 1 Contig 15,,,,,,,,,,,2 reads from SOS assembled using Geneious,,Wed Jun 01 09:54:35 PDT 2022,,DNA,,,CGTACAACTGAGGTGCGAGGGCTGTCGCTGACCTTCAAAGGTTGTGCACGCTCAAGCACTCTCTTACATCCATCTCACCTTTGTGCATCACCGCGTGGGTCCCCTTTGCAAAGGAGGGCTTGCGTTTTCACATAAAACTTGATACAGTGTAGAATGTTTTATTTGCGGTCACACGCAATCAATACAACTTTCAACAACGGATCTCTTGGCTCTCGCATCGATGAAGAACGCAGCGAAATGCGATACGTAATGTGAATTGCAGAATTCAGTGAATCATCGAATCTTTGAACGCACCTTGCGCCC-CTTGGCATTCCGAGGGGCACACCCGTTTGAGTGTCGTGAAATCATCAAAAACCTTTCTCTTTGATCGTCTTTGGTTGGGAGAAGGATGTT,,sos_assembly1 Contig 13,,linear,
SOS-038-4-1-g_ITS1F_G03.ab1,42.20%,2.50%,60.80%,36.70%,0,39.20%,8.04%,2.51%,<1>Low,Thu May 26 07:04:00 PDT 2022,,"% HQ, % LQ, Post-Trim Length",Wed Jun 01 09:44:02 PDT 2022,61.29982,DNA,199,83.34020101,---------------------------------------------------------------------------------------------------------------------CATTGCATATTCACATAAAACTTG-TACAAAGAATTATGTTTTATTTGCGGTCACACGCAATCAATACAACTTTCAACAACGGATCTCTTGTTTCTCGCATCGATGAATAACGCAGTGTTATGCGACACGTAGTGCGCATTGCAGAATTCAGGGAATCATCGGATCTTTGGACGCATCTTGCGTCCACTTGCCAGTCCGA-----------------------------------------------------------------------------,199,sos_assembly1 Contig 13,186 KB,linear,
SOS Assembly 1 Contig 13,,,,,,,,,,Wed Jun 01 09:54:35 PDT 2022,2 reads from SOS assembled using Geneious,,Wed Jun 01 09:54:35 PDT 2022,,DNA,,,NNNGNNNNNNNNNANNNNGNNNNNNNCGNNNNWCATTACAGAKTGGCKCGVTCCCMMGCCTTTGTGAACGCMTCCAGTAKKGKTCGCGSTRKGCTCNNNCKGCCCGCTSMRNCKACWNCTCKTGNTTTWTGCANCTCTGAGYWNMNTARMAKAMTKTAWAACTTTMAWYAACRRTCWCTWKTTCWSANWSGATKMMKRCKNGCGNWWGYGWAAWARRKGNTTGCAGANWCAGKGNKCATCSNTCTTTRKCGCAYATGCRNCNYRWAKTMTKTGGGCCYGCCKGWWCSASGTCRTTTSRAYCRTCARGCCGCTGTTYGYKTTSAACCCTGCKTSKATYGCASSWCCCAAAWSAGKSGSSNCTTGYAMRCACGCYGAGYSYNTMGTTTACTCWTCKCTSTGNNNNTAKAGTACCGGYGYGMRCCCCCCTANATTNTAAACWGCCCTMKTTCTANTAGGANYACSCGYWRAAWTAANANNNCNANNNNNNNNAANAAAN,,sos_assembly1 Contig 14,,linear,
SOS-038-4-1-d_ITS1F_D03.ab1,59.00%,0.00%,82.00%,18.00%,0,18.03%,6.56%,0.00%,<1>Low,Thu May 26 07:04:12 PDT 2022,,"% HQ, % LQ, Post-Trim Length",Wed Jun 01 09:43:18 PDT 2022,18.69702,DNA,61,82.84098361,-----------------------------------TTACAGATTGGCTCGCTCCCAACCCTTTGTGAACGCCTCCAGCATGGTTCGCGCTGGGCTC----------------------------------------------------------------------------------------------------------------------------------------------------------------------------------------------------------------------------------------------------------------------------------------------------------------------------------------------------------------------------------------------------------------,61,sos_assembly1 Contig 14,184 KB,linear,
SOS Assembly 1 Contig 11,,,,,,,,,,,4 reads from SOS assembled using Geneious,,Wed Jun 01 09:54:35 PDT 2022,,DNA,,,CNNNNNNNNNNNNNNNNNNNNNNNANNGTCATTACAGNNNNNCCSYCCCAMSCCTTTGTKRNSNTCCMGYWKKGGTCGNGNTANKGCNCNNNNSGCCCGCNGARNSKACARACTCTTGTTTTTTTGCATCTCTGAGYAKMTTATARAAKAMTGAAAAACTTTCAAYAACRRATCWCTTKTTCTGMMTSGNTKMNKRCGCWGGAWWGSAWAAKRKGYGATWSMGAAWSRNGAKCWTGATMTTTGRMGCWATGCNNCKYRWRYMTKTGGNTSTKGWCSNSGNNTYRANRTCNNSNNGTTTRYWTTAACCCTTGGTSGTATTGNCSMCCCAAAMKSAGSGSGGCTTTARWMRRCCCGCCGGGCKCWTTMGTTTMCTCTTCKCTSKGGRRGTAKMGSTACCGGCYGYGMRCCCCCCTAYRTTSWAARYAGCCCTAKTTTTAAKTAAGCAYACSCGCTGANWKANNATMYNNWAAANTAAARANATNN,,sos_assembly1 Contig 15,,linear,
SOS-038-4-2-f_ITS1F_E04.ab1,28.40%,1.50%,68.70%,29.90%,0,31.34%,8.96%,1.49%,<1>Low,Thu May 26 07:04:10 PDT 2022,,"% HQ, % LQ, Post-Trim Length",Wed Jun 01 09:45:26 PDT 2022,20.56544,DNA,67,71.22537313,----------------------------------------------------------------------------------------------------------TACAAA-TCTTGTTTTTT-GCATCTCTGAGTATCTTATAAAATAATGTAAA-CTTTCAACAACGG-TCTCT------------------------------------------------------------------------------------------------------------------------------------------------------------------------------------------------------------------------------------------------------------------------------------------------------------------,67,sos_assembly1 Contig 15,146 KB,linear,